bedrooms,bath_rooms,size_sqft,year_built,garage_available,has_pool,lot_size,price($),house_age,location_Suburban,location_Urban,location_ruraal,location_sub-urban,location_urbn,furnishing_Semi furnished,furnishing_Semi-Furnished,furnishing_Unfurnished,house_condition_New,house_condition_Old
3.0,1.0,1149,2004,0.0,0.0,0.15,244043,21,False,False,False,False,False,False,False,True,True,False
3.0,2.0,1169,1989,1.0,0.0,0.23,211250,36,False,False,False,False,False,False,False,True,False,True
4.0,3.0,1409,1993,1.0,0.0,0.19,257239,32,True,False,False,False,False,False,False,True,False,False
3.0,3.0,1647,2021,0.0,0.0,0.27,310316,4,True,False,False,False,False,False,False,True,True,False
2.0,3.0,1865,2009,0.0,1.0,0.39,334791,16,False,True,False,False,False,False,False,False,False,True
2.0,2.0,1179,2020,0.0,0.0,0.32,228260,5,False,False,True,False,False,True,False,False,False,True
1.0,2.0,2097,2004,0.0,0.0,0.33,361672,21,True,False,False,False,False,False,True,False,True,False
5.0,3.0,1392,1993,1.0,0.0,0.12,259003,32,True,False,False,False,False,True,False,False,True,False
3.0,1.0,1491,2014,0.0,0.0,0.01,263096,11,False,False,False,False,False,False,False,False,False,True
4.0,2.0,1201,2013,0.0,0.0,0.13,242759,12,False,False,True,False,False,False,True,False,False,False
1.0,1.0,530,1989,0.0,0.0,0.16,107493,36,False,False,False,True,False,False,False,True,False,True
3.0,2.0,1854,2014,1.0,1.0,0.38,342831,11,False,True,False,False,False,False,False,False,True,False
4.0,4.0,1795,1990,0.0,0.0,0.12,319749,35,True,False,False,False,False,False,False,False,False,False
2.0,1.0,1387,1990,0.0,0.0,0.35,258014,35,False,False,True,False,False,False,False,True,False,False
2.0,3.0,1527,2000,0.0,1.0,0.13,281804,25,False,False,True,False,False,False,False,False,False,True
2.0,4.0,1706,2000,0.0,0.0,0.07,311908,25,False,True,False,False,False,False,False,True,True,False
2.0,1.0,875,2001,1.0,1.0,0.08,172999,24,False,False,True,False,False,False,False,True,False,True
3.0,2.0,1288,1986,1.0,0.0,0.59,233692,39,False,False,True,False,False,False,False,False,False,False
3.0,4.0,1818,1996,1.0,1.0,0.13,335365,29,False,False,True,False,False,False,True,False,False,True
2.0,1.0,998,1981,1.0,0.0,0.35,203836,44,True,False,False,False,False,False,False,True,False,False
3.0,2.0,1617,1991,1.0,1.0,0.02,294600,34,False,True,False,False,False,False,False,False,True,False
2.0,1.0,957,2021,0.0,1.0,0.46,218645,4,False,False,True,False,False,False,True,False,True,False
2.0,4.0,1687,1997,0.0,0.0,0.3,310738,28,False,False,True,False,False,False,False,True,False,False
3.0,2.0,1486,1990,0.0,0.0,0.29,266638,35,True,False,False,False,False,False,False,False,False,False
3.0,4.0,854,1995,0.0,1.0,0.31,183563,30,False,True,False,False,False,False,False,True,False,False
4.0,2.0,1966,1997,1.0,0.0,0.33,364615,28,False,False,False,False,False,True,False,False,True,False
2.0,3.0,1206,2014,1.0,0.0,0.37,236943,11,True,False,False,False,False,False,False,True,True,False
3.0,3.0,1176,2005,1.0,0.0,0.16,260896,20,False,True,False,False,False,True,False,False,True,False
3.0,2.0,1580,1995,1.0,1.0,0.15,315431,30,False,False,True,False,False,False,True,False,True,False
1.0,3.0,1959,1985,1.0,0.0,0.26,346290,40,False,True,False,False,False,False,False,True,False,False
3.0,1.0,1094,2023,0.0,0.0,0.35,213555,2,False,True,False,False,False,False,True,False,False,False
2.0,2.0,1525,2022,1.0,0.0,0.24,288298,3,False,False,False,True,False,False,True,False,False,False
1.0,1.0,1672,2021,1.0,1.0,0.37,296597,4,False,True,False,False,False,False,False,False,False,False
5.0,1.0,1777,1991,1.0,1.0,0.34,352771,34,False,False,False,False,False,False,True,False,True,False
3.0,1.0,1571,1992,1.0,0.0,0.22,305539,33,False,True,False,False,False,False,True,False,True,False
4.0,2.0,1353,1983,0.0,0.0,0.01,254390,42,False,False,False,False,False,False,False,True,False,True
2.0,2.0,1169,2018,1.0,1.0,0.17,246458,7,False,False,True,False,False,False,False,True,True,False
1.0,3.0,1534,1981,1.0,0.0,0.51,282897,44,False,False,False,False,False,False,False,False,True,False
4.0,1.0,1071,2005,0.0,0.0,0.3,200107,20,False,False,True,False,False,False,False,False,False,False
3.0,2.0,331,2006,1.0,0.0,0.15,119186,19,False,False,True,False,False,False,True,False,True,False
2.0,2.0,1675,2006,0.0,0.0,0.29,292525,19,False,False,False,False,False,False,False,False,False,False
3.0,3.0,1862,1994,1.0,1.0,0.35,343426,31,True,False,False,False,False,True,False,False,True,False
1.0,2.0,555,1987,0.0,0.0,0.15,126314,38,False,False,False,False,True,False,True,False,False,True
5.0,2.0,1096,1986,0.0,0.0,0.44,195207,39,False,True,False,False,False,False,False,False,False,True
2.0,3.0,1748,2019,0.0,1.0,0.32,338639,6,False,False,False,True,False,False,False,False,True,False
4.0,2.0,2323,1991,0.0,1.0,0.09,398673,34,False,False,False,False,True,False,False,False,False,False
2.0,1.0,1508,1992,1.0,0.0,0.38,259719,33,False,True,False,False,False,False,True,False,False,False
3.0,1.0,1209,2022,0.0,0.0,0.19,224250,3,False,True,False,False,False,True,False,False,False,False
3.0,3.0,1427,1996,0.0,1.0,0.22,278532,29,False,False,True,False,False,False,False,False,False,False
2.0,1.0,2050,1996,0.0,0.0,0.1,342530,29,False,True,False,False,False,False,False,False,False,False
3.0,3.0,1242,2015,1.0,0.0,0.34,243441,10,False,False,False,True,False,True,False,False,False,True
4.0,2.0,1180,2000,1.0,0.0,0.23,223417,25,False,True,False,False,False,False,False,False,False,True
5.0,4.0,1307,1987,0.0,0.0,0.35,236933,38,False,False,False,False,False,False,False,False,False,False
5.0,3.0,1119,1984,0.0,1.0,0.17,241976,41,False,False,False,False,True,False,False,True,False,False
3.0,2.0,1549,2005,0.0,0.0,0.15,275708,20,False,False,False,False,False,False,False,True,True,False
5.0,2.0,2150,1995,1.0,0.0,0.14,359299,30,False,False,False,True,False,False,False,True,False,True
1.0,3.0,1629,2015,0.0,0.0,0.31,302316,10,False,True,False,False,False,False,False,False,True,False
2.0,2.0,1399,2007,1.0,0.0,0.15,280607,18,False,False,False,True,False,False,False,False,False,True
1.0,2.0,1383,2008,0.0,0.0,0.22,249039,17,False,False,True,False,False,False,False,False,False,True
2.0,2.0,875,1991,1.0,0.0,0.17,177393,34,False,False,False,False,False,False,True,False,False,True
3.0,3.0,1853,2016,0.0,0.0,0.32,317992,9,False,False,False,False,False,False,False,True,False,True
2.0,2.0,1469,2009,0.0,0.0,0.01,265936,16,True,False,False,False,False,False,False,False,False,True
4.0,3.0,1428,2002,1.0,0.0,0.29,262062,23,False,True,False,False,False,True,False,False,False,False
3.0,2.0,2777,1995,1.0,0.0,0.51,472703,30,False,False,True,False,False,False,False,True,False,False
2.0,2.0,1620,1993,0.0,0.0,0.44,294542,32,False,False,False,False,False,False,False,True,False,False
3.0,3.0,1199,1989,0.0,0.0,0.16,215509,36,False,False,False,False,False,False,False,True,False,True
2.0,1.0,1329,1986,0.0,1.0,0.32,232495,39,False,False,True,False,False,True,False,False,False,True
4.0,1.0,1959,2016,0.0,0.0,0.3,353186,9,False,False,False,True,False,False,False,False,True,False
1.0,2.0,1545,2008,0.0,0.0,0.47,302571,17,False,False,False,True,False,True,False,False,True,False
3.0,1.0,925,1982,0.0,0.0,0.13,167083,43,False,True,False,False,False,True,False,False,False,True
4.0,1.0,1868,1994,0.0,0.0,0.42,337539,31,True,False,False,False,False,False,False,False,True,False
2.0,1.0,1233,2015,0.0,0.0,0.21,216093,10,False,False,False,False,False,False,False,False,False,True
1.0,1.0,2249,1998,1.0,1.0,0.14,393752,27,True,False,False,False,False,False,False,False,True,False
4.0,1.0,1932,1992,0.0,0.0,0.13,346404,33,False,False,False,True,False,False,False,False,False,False
4.0,2.0,1321,2021,1.0,1.0,0.06,276465,4,False,False,False,True,False,False,False,False,True,False
4.0,2.0,2012,2000,1.0,1.0,0.16,357490,25,False,False,False,False,True,True,False,False,False,True
4.0,2.0,1527,2016,1.0,0.0,0.09,254232,9,False,True,False,False,False,False,True,False,False,True
1.0,2.0,1841,2006,1.0,0.0,0.28,317021,19,False,False,False,False,True,False,True,False,False,True
3.0,1.0,1694,2008,1.0,0.0,0.34,321968,17,False,False,False,False,True,False,False,False,True,False
2.0,4.0,1161,1999,0.0,0.0,0.21,204659,26,False,False,False,False,True,False,True,False,False,False
5.0,3.0,1243,2004,1.0,0.0,0.47,233911,21,False,True,False,False,False,False,False,True,False,False
3.0,1.0,1912,1985,1.0,0.0,0.17,351667,40,False,True,False,False,False,False,True,False,True,False
2.0,2.0,1366,2015,0.0,0.0,0.2,232989,10,False,False,True,False,False,True,False,False,False,True
1.0,3.0,1339,1981,1.0,0.0,0.18,225457,44,True,False,False,False,False,False,False,False,False,True
2.0,4.0,1118,2001,0.0,0.0,0.34,198162,24,True,False,False,False,False,False,False,False,False,False
2.0,2.0,1669,2011,1.0,0.0,0.35,306095,14,False,False,True,False,False,True,False,False,False,False
4.0,2.0,2325,1995,0.0,0.0,0.32,397380,30,False,False,True,False,False,False,False,True,True,False
3.0,1.0,1073,1997,1.0,0.0,0.23,229330,28,False,False,False,True,False,False,True,False,True,False
5.0,2.0,1510,1984,0.0,0.0,0.05,264710,41,False,False,False,False,True,True,False,False,False,True
3.0,1.0,2065,2015,1.0,1.0,0.2,383755,10,False,False,True,False,False,False,False,False,False,True
2.0,4.0,1468,2009,0.0,0.0,0.47,249825,16,False,False,False,False,False,False,False,False,False,True
4.0,2.0,1681,1998,1.0,0.0,0.4,305268,27,True,False,False,False,False,False,False,True,False,False
4.0,2.0,1075,2002,0.0,0.0,0.29,198898,23,False,False,True,False,False,False,False,False,False,False
3.0,2.0,1671,2013,0.0,0.0,0.19,314452,12,False,False,False,False,False,False,False,True,True,False
4.0,1.0,1425,1992,1.0,1.0,0.25,280549,33,False,False,False,False,False,False,False,False,True,False
3.0,1.0,1894,2022,0.0,0.0,0.19,323769,3,False,False,False,False,False,True,False,False,False,False
3.0,1.0,1975,2008,1.0,0.0,0.43,356478,17,False,False,False,True,False,False,True,False,True,False
3.0,1.0,2536,2015,0.0,0.0,0.12,439331,10,False,False,False,True,False,False,False,False,True,False
1.0,3.0,1732,2001,1.0,0.0,0.39,314207,24,False,False,False,False,False,False,False,True,True,False
2.0,2.0,1630,2015,0.0,0.0,0.17,309972,10,False,False,False,True,False,False,False,True,True,False
1.0,1.0,1578,1988,0.0,0.0,0.45,279189,37,False,False,False,False,True,False,False,True,True,False
3.0,2.0,1359,2018,0.0,0.0,0.31,273560,7,False,False,False,False,False,False,False,False,False,False
2.0,3.0,1635,1998,0.0,0.0,0.14,309587,27,False,False,False,False,True,False,False,True,True,False
3.0,4.0,1382,2017,0.0,0.0,0.2,269387,8,False,False,False,False,True,False,True,False,True,False
5.0,2.0,1567,1985,0.0,0.0,0.36,305703,40,False,False,False,False,False,False,True,False,False,False
2.0,1.0,2027,1994,1.0,0.0,0.18,344957,31,True,False,False,False,False,False,False,True,False,True
3.0,2.0,1097,1999,0.0,0.0,0.25,215664,26,False,False,False,False,False,False,False,False,False,False
4.0,3.0,1956,1988,1.0,1.0,0.17,360427,37,False,False,False,False,False,False,True,False,True,False
2.0,2.0,2027,2011,0.0,0.0,0.51,354425,14,False,False,False,True,False,False,False,True,False,True
1.0,1.0,1453,1983,1.0,0.0,0.54,289711,42,False,False,False,False,False,False,False,False,True,False
2.0,3.0,651,1997,0.0,0.0,0.47,142739,28,True,False,False,False,False,False,False,True,False,True
2.0,1.0,1257,1984,1.0,0.0,0.23,245968,41,False,False,False,True,False,False,False,True,False,False
5.0,1.0,2019,1999,0.0,1.0,0.19,344346,26,False,True,False,False,False,True,False,False,False,True
4.0,2.0,1491,2002,0.0,0.0,0.13,262188,23,False,True,False,False,False,False,True,False,False,True
3.0,2.0,1100,1990,0.0,0.0,0.48,234583,35,False,False,False,False,True,False,False,False,True,False
5.0,2.0,1298,2016,0.0,0.0,0.39,244069,9,False,False,False,False,True,False,False,False,False,True
4.0,1.0,1836,2001,0.0,1.0,0.4,330283,24,True,False,False,False,False,True,False,False,False,False
2.0,3.0,1719,1983,0.0,0.0,0.21,292118,42,False,False,True,False,False,False,False,True,False,False
5.0,1.0,1404,2008,0.0,1.0,0.01,284066,17,False,True,False,False,False,False,False,False,True,False
3.0,1.0,1353,2023,0.0,0.0,0.02,239935,2,False,False,False,False,True,False,False,True,False,True
4.0,3.0,1343,2013,1.0,1.0,0.26,250488,12,False,True,False,False,False,True,False,False,False,False
5.0,2.0,1131,1992,0.0,0.0,0.17,224399,33,True,False,False,False,False,False,False,False,True,False
2.0,3.0,2146,2021,1.0,0.0,0.15,347275,4,True,False,False,False,False,False,True,False,False,True
2.0,3.0,1371,1988,0.0,1.0,0.3,256561,37,False,False,True,False,False,False,True,False,False,True
2.0,2.0,1987,2021,0.0,0.0,0.4,351219,4,False,False,True,False,False,False,True,False,False,False
3.0,2.0,2109,2010,0.0,0.0,0.14,370022,15,False,False,False,True,False,False,False,True,True,False
4.0,1.0,1899,1986,0.0,0.0,0.05,334629,39,True,False,False,False,False,False,False,False,True,False
5.0,2.0,1327,1983,1.0,1.0,0.15,251657,42,False,False,False,False,True,True,False,False,False,False
1.0,2.0,1661,1998,1.0,1.0,0.09,308059,27,False,True,False,False,False,True,False,False,True,False
3.0,1.0,1490,2021,0.0,0.0,0.34,269746,4,False,False,False,False,False,False,True,False,False,True
3.0,3.0,1139,2009,0.0,0.0,0.25,210356,16,False,False,True,False,False,False,False,False,False,True
2.0,2.0,1630,2010,0.0,1.0,0.53,309825,15,False,False,False,False,False,False,False,False,True,False
2.0,1.0,1028,2014,1.0,0.0,0.36,205643,11,False,False,False,False,True,False,False,False,False,False
2.0,1.0,1975,2000,0.0,1.0,0.52,354925,25,False,False,True,False,False,False,False,False,True,False
5.0,2.0,1314,2010,1.0,0.0,0.04,252085,15,False,False,False,False,False,False,False,False,False,False
2.0,1.0,1580,1998,0.0,0.0,0.24,284611,27,False,False,False,False,True,False,True,False,False,True
3.0,3.0,1613,2010,1.0,1.0,0.29,295902,15,False,True,False,False,False,False,False,False,False,False
4.0,2.0,1396,2011,1.0,1.0,0.27,267755,14,False,False,False,False,True,False,False,True,False,True
3.0,2.0,1735,1981,0.0,0.0,0.23,301844,44,False,False,False,True,False,False,False,False,False,True
3.0,2.0,1310,1989,0.0,0.0,0.26,221661,36,False,False,True,False,False,True,False,False,False,True
3.0,3.0,1849,1981,1.0,0.0,0.08,328515,44,True,False,False,False,False,True,False,False,False,True
2.0,2.0,962,1981,1.0,0.0,0.33,221265,44,False,True,False,False,False,False,True,False,True,False
3.0,2.0,1551,2003,0.0,0.0,0.36,272569,22,False,False,False,False,False,False,False,True,False,True
2.0,2.0,2276,1996,0.0,0.0,0.07,379088,29,False,False,True,False,False,False,False,False,False,True
2.0,1.0,1100,2011,0.0,1.0,0.2,217270,14,True,False,False,False,False,False,False,True,False,False
1.0,3.0,1229,1995,0.0,0.0,0.21,234756,30,False,False,False,False,True,False,True,False,False,False
3.0,3.0,1706,1995,0.0,0.0,0.15,305208,30,True,False,False,False,False,True,False,False,False,False
3.0,2.0,1572,2018,1.0,0.0,0.08,268693,7,False,False,True,False,False,True,False,False,False,True
1.0,3.0,1640,2010,0.0,0.0,0.25,279539,15,False,False,True,False,False,False,False,False,False,True
2.0,3.0,1696,2022,1.0,0.0,0.29,324073,3,False,False,False,True,False,False,True,False,True,False
5.0,3.0,1754,2003,0.0,0.0,0.16,302450,22,False,False,False,True,False,False,True,False,False,True
2.0,3.0,1944,1980,0.0,1.0,0.09,323139,45,True,False,False,False,False,False,False,False,False,True
2.0,2.0,1664,1990,1.0,0.0,0.31,322803,35,False,False,False,False,True,False,False,False,True,False
3.0,2.0,1403,2000,1.0,0.0,0.13,252653,25,True,False,False,False,False,False,False,False,False,False
3.0,2.0,1769,1983,1.0,0.0,0.2,312508,42,False,False,True,False,False,False,False,True,False,False
2.0,3.0,2260,1986,1.0,1.0,0.18,391685,39,False,False,True,False,False,False,False,True,False,False
4.0,1.0,1447,2005,0.0,0.0,0.44,262463,20,False,False,False,False,False,False,False,True,True,False
4.0,3.0,1110,1991,1.0,1.0,0.14,218750,34,False,False,False,True,False,False,False,True,False,True
2.0,3.0,1943,2010,0.0,0.0,0.51,337571,15,False,False,False,False,False,False,True,False,False,True
4.0,1.0,1452,1996,0.0,1.0,0.36,259523,29,False,True,False,False,False,False,False,True,False,True
3.0,3.0,631,2012,1.0,0.0,0.52,138888,13,False,False,True,False,False,False,True,False,False,True
3.0,1.0,1839,1990,0.0,0.0,0.35,335055,35,False,False,False,False,False,False,False,True,True,False
3.0,2.0,1286,2007,0.0,0.0,0.22,219749,18,True,False,False,False,False,True,False,False,False,False
3.0,3.0,1464,2011,0.0,0.0,0.11,253550,14,False,False,False,True,False,False,True,False,False,True
1.0,1.0,1633,1980,0.0,0.0,0.2,283284,45,False,False,False,True,False,False,True,False,False,True
4.0,3.0,1576,2007,0.0,1.0,0.47,279733,18,False,False,False,False,True,False,True,False,False,True
2.0,3.0,1784,2021,0.0,0.0,0.24,321590,4,True,False,False,False,False,False,False,False,True,False
2.0,2.0,1326,1986,0.0,1.0,0.35,257317,39,False,False,False,False,True,False,True,False,False,False
1.0,1.0,1705,1981,0.0,1.0,0.28,307817,44,False,False,False,False,False,False,False,False,True,False
3.0,1.0,1396,2021,0.0,0.0,0.29,288592,4,False,True,False,False,False,False,False,False,True,False
4.0,2.0,1796,2003,0.0,1.0,0.29,314655,22,True,False,False,False,False,False,False,True,True,False
1.0,2.0,1746,1983,1.0,0.0,0.32,281580,42,True,False,False,False,False,True,False,False,False,True
3.0,2.0,1126,2023,0.0,0.0,0.13,237489,2,True,False,False,False,False,False,False,False,True,False
2.0,1.0,1934,1998,0.0,0.0,0.21,320060,27,False,False,False,False,True,False,False,True,False,True
3.0,2.0,1286,2005,0.0,0.0,0.3,229429,20,False,False,False,False,False,False,False,False,False,False
2.0,2.0,1823,1990,1.0,0.0,0.27,326497,35,True,False,False,False,False,False,False,False,False,True
4.0,3.0,1647,2019,0.0,0.0,0.18,301077,6,True,False,False,False,False,False,False,False,True,False
3.0,1.0,2235,2022,1.0,0.0,0.31,398954,3,False,False,False,True,False,True,False,False,False,False
5.0,3.0,1411,1990,0.0,0.0,0.13,248746,35,False,True,False,False,False,False,False,False,False,False
2.0,2.0,1360,1982,0.0,0.0,0.07,259225,43,False,False,False,True,False,False,True,False,True,False
2.0,2.0,1492,1991,0.0,0.0,0.29,257086,34,False,False,False,True,False,False,False,False,False,True
2.0,2.0,1379,1982,0.0,0.0,0.07,234252,43,False,True,False,False,False,True,False,False,False,True
5.0,2.0,1820,2021,1.0,0.0,0.29,339706,4,False,False,False,False,False,False,False,True,False,True
5.0,4.0,853,2006,1.0,0.0,0.04,185515,19,False,False,False,True,False,True,False,False,False,True
2.0,1.0,1079,1981,1.0,0.0,0.14,210984,44,False,False,False,False,False,True,False,False,True,False
4.0,4.0,1073,1995,0.0,0.0,0.2,213366,30,False,False,False,True,False,False,False,False,True,False
4.0,2.0,1880,1981,0.0,0.0,0.01,338162,44,False,False,True,False,False,False,True,False,False,False
3.0,1.0,2184,2009,0.0,1.0,0.19,366718,16,False,True,False,False,False,False,False,False,False,True
3.0,2.0,1458,1999,1.0,0.0,0.43,254359,26,False,False,False,True,False,False,False,True,False,True
2.0,3.0,1432,2017,0.0,1.0,0.06,270101,8,False,False,True,False,False,False,False,True,False,True
1.0,1.0,1528,2007,0.0,1.0,0.2,300505,18,False,False,False,False,True,False,False,True,False,True
5.0,2.0,1965,2004,1.0,1.0,0.51,363288,21,False,False,True,False,False,False,True,False,True,False
5.0,2.0,1129,2011,1.0,1.0,0.09,234248,14,True,False,False,False,False,False,False,False,False,True
3.0,2.0,1595,1989,0.0,0.0,0.46,272076,36,False,False,False,True,False,True,False,False,False,False
2.0,1.0,1890,2021,0.0,0.0,0.21,346511,4,False,False,True,False,False,False,False,True,True,False
2.0,3.0,1700,2019,0.0,0.0,0.27,300404,6,False,False,False,False,False,False,True,False,False,False
4.0,2.0,1576,2012,0.0,0.0,0.44,312666,13,False,False,False,False,True,False,False,False,True,False
5.0,2.0,1900,1992,0.0,1.0,0.18,346587,33,False,False,False,True,False,True,False,False,False,True
5.0,3.0,419,2020,1.0,0.0,0.34,149844,5,True,False,False,False,False,False,False,True,True,False
4.0,1.0,1771,2021,1.0,1.0,0.38,320095,4,False,False,True,False,False,False,False,False,False,False
3.0,3.0,1238,2016,1.0,0.0,0.15,234455,9,False,False,False,False,True,False,True,False,False,True
1.0,1.0,768,1995,0.0,1.0,0.14,165152,30,False,False,False,True,False,False,True,False,False,True
2.0,1.0,1704,2001,1.0,0.0,0.22,299435,24,False,False,False,False,True,False,False,True,False,False
5.0,2.0,2049,1999,0.0,0.0,0.22,353661,26,True,False,False,False,False,False,False,True,False,False
3.0,2.0,1445,2022,1.0,0.0,0.09,275440,3,False,False,True,False,False,False,False,True,False,True
1.0,3.0,1881,2006,1.0,1.0,0.15,330046,19,False,False,False,False,True,False,False,False,False,True
2.0,2.0,2145,2020,0.0,0.0,0.27,358916,5,False,False,False,False,True,False,False,False,False,True
4.0,2.0,2026,1995,0.0,1.0,0.2,347403,30,False,True,False,False,False,False,False,True,False,False
1.0,1.0,2156,2013,1.0,1.0,0.38,379763,12,False,False,False,False,True,True,False,False,True,False
2.0,2.0,1797,2011,0.0,1.0,0.0,327490,14,False,True,False,False,False,False,False,False,False,True
3.0,2.0,1530,2005,1.0,0.0,0.18,283643,20,False,False,True,False,False,False,False,True,True,False
4.0,2.0,859,2004,0.0,1.0,0.62,183739,21,False,False,False,True,False,False,False,False,True,False
4.0,1.0,1402,1981,1.0,1.0,0.25,278991,44,False,False,False,True,False,False,True,False,True,False
2.0,3.0,1163,1991,0.0,0.0,0.45,217744,34,False,False,True,False,False,True,False,False,False,False
4.0,2.0,2368,2019,0.0,0.0,0.1,398945,6,False,False,True,False,False,False,False,True,False,False
2.0,1.0,1430,1988,1.0,0.0,0.32,265406,37,False,False,False,False,False,False,False,False,False,True
2.0,1.0,1549,1991,0.0,0.0,0.07,280096,34,False,False,True,False,False,False,False,False,True,False
4.0,2.0,1721,2005,0.0,0.0,0.31,292580,20,False,False,False,False,True,False,False,False,True,False
3.0,2.0,1517,1988,0.0,0.0,0.38,293682,37,False,False,False,True,False,False,True,False,True,False
4.0,1.0,2178,1989,0.0,0.0,0.34,361418,36,True,False,False,False,False,False,True,False,False,False
4.0,2.0,1251,2011,0.0,0.0,0.2,227860,14,False,False,False,True,False,True,False,False,False,False
3.0,1.0,1578,2013,0.0,0.0,0.29,287355,12,False,True,False,False,False,False,False,True,True,False
1.0,2.0,1203,1999,0.0,0.0,0.29,236046,26,False,False,False,True,False,True,False,False,True,False
3.0,4.0,972,2018,0.0,1.0,0.35,198858,7,False,False,False,False,False,False,True,False,False,False
2.0,2.0,1255,1981,1.0,0.0,0.23,254531,44,False,False,True,False,False,False,True,False,True,False
2.0,2.0,1485,1980,0.0,0.0,0.39,280401,45,False,False,True,False,False,False,False,False,False,False
3.0,2.0,1328,2015,0.0,0.0,0.47,235608,10,False,False,False,True,False,False,True,False,False,True
3.0,1.0,1223,2003,0.0,0.0,0.2,229870,22,True,False,False,False,False,False,False,True,True,False
5.0,2.0,937,2006,0.0,0.0,0.26,181731,19,True,False,False,False,False,False,False,False,False,False
3.0,2.0,1467,1981,0.0,1.0,0.11,267841,44,False,False,False,False,False,False,True,False,False,True
4.0,3.0,898,2010,0.0,0.0,0.3,190736,15,False,True,False,False,False,True,False,False,True,False
3.0,1.0,1804,1993,1.0,1.0,0.3,331396,32,False,False,False,True,False,False,False,True,True,False
3.0,1.0,1533,1981,1.0,0.0,0.26,258380,44,False,False,True,False,False,False,False,True,False,True
3.0,1.0,917,2008,1.0,0.0,0.27,177261,17,False,False,False,True,False,False,False,True,True,False
2.0,2.0,1376,1994,1.0,0.0,0.54,255353,31,False,False,False,False,False,False,False,True,True,False
4.0,2.0,1199,1991,1.0,0.0,0.18,250894,34,False,False,False,False,True,True,False,False,True,False
2.0,3.0,1628,2016,0.0,1.0,0.18,313960,9,False,False,False,False,True,False,False,True,True,False
1.0,2.0,2036,2007,0.0,0.0,0.2,350085,18,False,False,False,False,False,False,True,False,False,False
3.0,2.0,750,1999,0.0,1.0,0.47,166798,26,False,False,True,False,False,False,False,False,False,True
2.0,1.0,1546,2018,0.0,0.0,0.32,267821,7,False,False,False,False,False,False,False,True,False,False
5.0,3.0,1436,2003,0.0,0.0,0.32,261768,22,False,False,True,False,False,True,False,False,False,False
3.0,3.0,1769,2000,1.0,0.0,0.44,307686,25,True,False,False,False,False,False,False,True,True,False
5.0,3.0,1585,1989,0.0,1.0,0.22,301210,36,False,False,False,False,False,False,False,True,True,False
3.0,3.0,1199,1993,0.0,0.0,0.35,226245,32,False,False,True,False,False,False,False,False,False,False
1.0,3.0,1372,2016,1.0,0.0,0.17,257033,9,False,False,False,False,False,False,True,False,False,True
5.0,2.0,1182,1997,1.0,0.0,0.09,238576,28,False,False,False,False,False,False,False,False,False,False
3.0,1.0,1930,2003,1.0,0.0,0.52,343060,22,False,False,True,False,False,False,True,False,False,True
3.0,1.0,1509,1993,0.0,0.0,0.31,258061,32,False,False,True,False,False,False,False,False,False,False
3.0,4.0,2260,2013,0.0,0.0,0.35,398627,12,False,True,False,False,False,False,False,False,False,False
5.0,2.0,1476,1991,1.0,1.0,0.09,284705,34,False,False,False,False,False,False,False,False,True,False
2.0,3.0,1217,2001,0.0,1.0,0.33,210249,24,False,False,False,False,True,False,True,False,False,True
3.0,2.0,895,1985,1.0,0.0,0.52,180362,40,False,False,False,False,False,False,False,True,False,False
5.0,1.0,779,2015,0.0,0.0,0.21,181521,10,False,False,False,False,False,False,True,False,True,False
2.0,1.0,866,2015,1.0,0.0,0.06,167961,10,False,False,True,False,False,False,True,False,False,True
2.0,2.0,1607,2001,0.0,0.0,0.28,299779,24,False,False,False,False,False,False,True,False,False,False
3.0,2.0,1703,1993,0.0,0.0,0.09,290017,32,False,False,False,True,False,True,False,False,False,False
5.0,1.0,868,1995,1.0,1.0,0.02,181589,30,False,False,False,False,False,False,False,False,False,False
4.0,2.0,1858,2015,1.0,1.0,0.14,332253,10,False,False,False,True,False,False,False,False,False,False
3.0,1.0,1307,2004,0.0,0.0,0.18,224960,21,False,False,False,False,True,False,False,True,False,False
1.0,2.0,1559,2011,0.0,1.0,0.1,288319,14,False,False,True,False,False,False,False,False,True,False
3.0,1.0,2145,2012,1.0,0.0,0.45,367231,13,False,False,False,False,False,False,False,True,False,False
3.0,3.0,1859,2015,1.0,0.0,0.53,340749,10,False,False,False,True,False,True,False,False,True,False
2.0,2.0,1393,1999,1.0,1.0,0.34,245935,26,False,False,False,True,False,False,False,True,True,False
3.0,2.0,1144,1997,0.0,0.0,0.31,218366,28,False,False,False,True,False,False,False,True,False,True
5.0,1.0,639,2017,1.0,0.0,0.23,151517,8,True,False,False,False,False,False,True,False,False,True
4.0,1.0,1212,1982,1.0,0.0,0.12,240215,43,False,True,False,False,False,False,False,True,False,False
4.0,2.0,1416,2002,0.0,0.0,0.49,243083,23,False,False,False,False,True,True,False,False,False,False
4.0,2.0,1105,2011,1.0,1.0,0.24,222222,14,False,False,False,False,False,False,False,False,False,False
3.0,2.0,1447,1995,0.0,0.0,0.18,280664,30,True,False,False,False,False,False,False,True,True,False
2.0,1.0,1531,1984,1.0,0.0,0.4,281925,41,False,False,False,False,False,False,True,False,False,True
4.0,2.0,1410,1983,1.0,0.0,0.24,268089,42,False,False,False,False,False,False,False,False,False,True
4.0,3.0,1240,2000,1.0,0.0,0.4,232227,25,False,False,True,False,False,False,False,False,False,True
5.0,3.0,1567,2019,1.0,0.0,0.19,288490,6,False,False,True,False,False,False,False,True,False,False
5.0,1.0,1677,1993,0.0,0.0,0.4,279771,32,False,False,True,False,False,False,False,False,False,False
3.0,2.0,1064,2018,0.0,0.0,0.4,229049,7,True,False,False,False,False,False,False,False,True,False
3.0,1.0,2064,2010,1.0,1.0,0.45,359197,15,False,False,False,False,False,False,False,True,False,True
4.0,1.0,1461,1993,1.0,0.0,0.14,263289,32,False,True,False,False,False,True,False,False,False,True
3.0,2.0,1508,1985,1.0,0.0,0.24,268072,40,False,False,False,False,True,False,False,True,False,True
4.0,1.0,1783,1991,1.0,0.0,0.54,291903,34,False,False,True,False,False,False,False,True,False,False
4.0,2.0,1593,1995,0.0,0.0,0.21,270035,30,False,False,True,False,False,False,False,True,False,True
5.0,2.0,1881,1996,1.0,1.0,0.37,343089,29,False,False,False,False,False,False,True,False,False,False
2.0,3.0,1615,2002,0.0,0.0,0.59,282364,23,False,False,False,False,False,False,False,True,False,True
3.0,2.0,1255,1993,1.0,1.0,0.03,258668,32,True,False,False,False,False,False,False,True,True,False
1.0,1.0,1645,1986,1.0,1.0,0.21,308988,39,True,False,False,False,False,False,False,True,False,False
3.0,2.0,1043,2011,0.0,1.0,0.25,197618,14,False,False,True,False,False,False,True,False,False,True
1.0,2.0,1543,1994,0.0,1.0,0.02,287298,31,False,False,False,False,False,False,True,False,True,False
3.0,1.0,1487,2023,1.0,0.0,0.18,286438,2,False,True,False,False,False,True,False,False,True,False
3.0,2.0,1417,1996,1.0,0.0,0.1,269685,29,False,False,False,False,True,False,False,False,False,False
2.0,1.0,1449,2020,0.0,0.0,0.38,264209,5,False,False,False,False,False,False,False,False,False,False
3.0,1.0,747,2023,0.0,0.0,0.01,154039,2,False,False,False,False,False,False,False,False,True,False
1.0,2.0,1281,2013,1.0,0.0,0.53,237968,12,False,False,False,True,False,False,False,True,False,True
1.0,1.0,1537,1984,0.0,0.0,0.35,289883,41,True,False,False,False,False,True,False,False,True,False
4.0,2.0,1564,2006,1.0,0.0,0.09,309570,19,False,False,False,False,True,False,False,True,True,False
3.0,2.0,1089,2002,1.0,1.0,0.4,233756,23,False,False,True,False,False,False,False,False,True,False
2.0,3.0,2006,2019,1.0,0.0,0.34,350040,6,False,False,False,False,False,False,True,False,True,False
3.0,1.0,1154,1993,1.0,0.0,0.24,212836,32,False,False,True,False,False,False,False,False,False,True
4.0,1.0,1888,1994,1.0,0.0,0.14,331951,31,False,False,False,False,False,True,False,False,False,True
2.0,1.0,1671,2022,0.0,1.0,0.33,315912,3,False,False,True,False,False,False,True,False,False,False
3.0,2.0,1242,2012,1.0,0.0,0.27,243971,13,False,False,False,False,True,False,False,False,False,False
1.0,3.0,2210,2010,0.0,0.0,0.15,386184,15,True,False,False,False,False,True,False,False,True,False
1.0,1.0,1023,2014,0.0,0.0,0.05,205035,11,False,False,False,False,True,True,False,False,False,True
3.0,4.0,1868,1996,0.0,0.0,0.12,328194,29,False,False,False,True,False,False,False,False,True,False
3.0,1.0,1900,2007,0.0,0.0,0.17,343446,18,False,True,False,False,False,False,True,False,True,False
3.0,2.0,1232,1998,0.0,0.0,0.42,237098,27,True,False,False,False,False,True,False,False,False,False
4.0,3.0,2057,2002,0.0,1.0,0.38,366916,23,False,False,False,False,True,False,False,True,False,False
3.0,3.0,1400,2011,1.0,0.0,0.18,278391,14,False,False,False,True,False,True,False,False,True,False
3.0,3.0,1615,2019,1.0,0.0,0.19,311989,6,False,True,False,False,False,False,False,False,True,False
2.0,3.0,1604,1992,1.0,0.0,0.4,288713,33,False,False,False,True,False,False,False,False,True,False
4.0,2.0,1446,1999,0.0,0.0,0.29,257076,26,False,False,False,False,False,False,False,True,False,True
2.0,3.0,1824,2014,1.0,1.0,0.29,324508,11,False,False,False,False,False,False,False,False,False,False
3.0,1.0,1817,1984,1.0,0.0,0.14,326655,41,False,False,True,False,False,False,False,True,True,False
1.0,3.0,801,1988,1.0,0.0,0.23,151262,37,True,False,False,False,False,False,True,False,False,True
1.0,2.0,2022,2008,1.0,0.0,0.25,353550,17,False,False,False,False,False,False,True,False,False,True
3.0,3.0,835,1985,0.0,0.0,0.24,157798,40,False,False,False,True,False,True,False,False,True,False
4.0,2.0,1913,2004,1.0,0.0,0.36,339123,21,True,False,False,False,False,False,False,True,False,True
4.0,2.0,1951,2010,0.0,0.0,0.36,340003,15,False,False,False,False,False,False,True,False,False,False
3.0,2.0,1064,2001,1.0,0.0,0.11,239022,24,False,False,True,False,False,True,False,False,True,False
2.0,3.0,1336,1981,0.0,1.0,0.17,246754,44,False,False,False,False,True,False,False,False,False,False
2.0,1.0,1058,1984,1.0,0.0,0.15,203651,41,False,False,True,False,False,False,True,False,False,False
2.0,1.0,1414,2006,0.0,0.0,0.46,265325,19,False,True,False,False,False,False,False,False,False,False
3.0,1.0,1377,2004,0.0,0.0,0.59,261085,21,False,False,False,False,False,False,False,False,True,False
4.0,1.0,1812,1987,1.0,0.0,0.18,317148,38,False,True,False,False,False,False,False,True,False,True
4.0,3.0,2024,1980,1.0,1.0,0.22,366744,45,False,True,False,False,False,False,True,False,False,False
2.0,1.0,2058,1999,0.0,1.0,0.38,368025,26,False,False,False,True,False,False,False,False,True,False
3.0,2.0,1275,2023,1.0,0.0,0.14,258003,2,True,False,False,False,False,False,False,True,False,False
4.0,2.0,1416,2002,1.0,0.0,0.38,241209,23,False,False,False,True,False,False,False,True,False,True
3.0,1.0,827,2011,0.0,0.0,0.25,187485,14,False,False,False,False,False,False,True,False,False,False
3.0,3.0,1178,1990,1.0,0.0,0.01,217018,35,False,True,False,False,False,False,False,True,True,False
3.0,2.0,1886,2018,0.0,0.0,0.05,355222,7,False,False,False,False,True,False,True,False,True,False
2.0,2.0,2146,2003,1.0,0.0,0.2,349035,22,False,True,False,False,False,False,True,False,False,True
3.0,2.0,1006,1990,1.0,0.0,0.43,228906,35,False,False,False,False,True,False,False,True,True,False
4.0,3.0,1263,2008,0.0,0.0,0.12,237859,17,False,False,False,True,False,False,False,False,False,False
1.0,1.0,1489,2005,1.0,0.0,0.17,265101,20,False,False,False,True,False,False,False,False,False,False
2.0,2.0,1612,1995,0.0,1.0,0.28,306651,30,True,False,False,False,False,False,True,False,False,True
1.0,2.0,1176,2014,1.0,1.0,0.0,225511,11,False,True,False,False,False,False,False,False,False,False
1.0,2.0,1670,1999,1.0,0.0,0.29,308226,26,False,False,True,False,False,False,False,True,True,False
5.0,1.0,1310,1982,1.0,0.0,0.02,269147,43,False,False,False,True,False,True,False,False,False,False
4.0,2.0,1494,1980,0.0,0.0,0.34,279255,45,False,False,False,True,False,False,True,False,True,False
3.0,1.0,1719,1980,0.0,0.0,0.13,288790,45,True,False,False,False,False,False,False,True,True,False
1.0,1.0,1503,1996,0.0,1.0,0.11,269117,29,False,False,False,False,True,False,False,True,False,True
3.0,1.0,1325,1981,0.0,0.0,0.29,246532,44,True,False,False,False,False,False,False,True,True,False
3.0,2.0,1456,2008,1.0,0.0,0.37,282085,17,False,True,False,False,False,False,False,True,True,False
2.0,3.0,1465,1999,1.0,0.0,0.31,269306,26,False,False,False,False,False,False,False,True,False,False
3.0,3.0,1352,1985,1.0,0.0,0.28,250459,40,False,False,False,False,False,False,True,False,False,True
3.0,3.0,1396,1987,1.0,0.0,0.28,236719,38,False,False,False,False,True,False,False,False,False,True
3.0,2.0,2139,2008,0.0,0.0,0.31,372171,17,False,False,False,True,False,False,False,True,True,False
3.0,2.0,1724,2012,1.0,1.0,0.32,321318,13,False,False,False,False,True,False,False,True,False,False
1.0,2.0,1382,1982,0.0,0.0,0.19,251279,43,False,False,False,True,False,False,False,True,True,False
3.0,2.0,1779,2014,1.0,0.0,0.35,325809,11,False,False,False,True,False,False,False,True,False,True
3.0,1.0,1366,1984,0.0,0.0,0.13,249479,41,False,False,False,False,False,False,True,False,True,False
3.0,3.0,1969,2006,0.0,0.0,0.41,338183,19,False,False,False,False,True,False,False,False,False,True
5.0,2.0,1648,2023,1.0,0.0,0.37,310950,2,True,False,False,False,False,True,False,False,True,False
4.0,2.0,1457,1991,0.0,0.0,0.58,251803,34,False,False,False,True,False,True,False,False,False,False
2.0,3.0,1679,1999,0.0,0.0,0.33,292455,26,False,False,True,False,False,False,False,False,False,True
1.0,2.0,872,1999,1.0,0.0,0.39,177681,26,False,False,True,False,False,False,True,False,True,False
3.0,3.0,1049,1988,1.0,1.0,0.02,207714,37,True,False,False,False,False,True,False,False,False,False
1.0,4.0,1022,2018,1.0,1.0,0.39,214403,7,False,False,True,False,False,False,False,True,False,False
3.0,2.0,1557,1983,0.0,0.0,0.43,256077,42,False,True,False,False,False,False,False,False,False,True
5.0,1.0,2193,1998,0.0,0.0,0.48,374985,27,False,False,False,True,False,False,False,False,False,True
3.0,2.0,2393,2017,1.0,0.0,0.27,425154,8,True,False,False,False,False,False,True,False,True,False
3.0,4.0,1755,2006,0.0,0.0,0.2,309970,19,False,False,False,False,True,False,False,False,False,True
3.0,1.0,1700,2022,1.0,0.0,0.09,309625,3,False,False,False,True,False,True,False,False,False,False
3.0,2.0,780,1992,0.0,1.0,0.1,166093,33,True,False,False,False,False,False,True,False,True,False
3.0,2.0,1283,1992,1.0,0.0,0.25,241049,33,False,False,False,False,False,False,False,True,False,False
5.0,3.0,1185,2001,1.0,1.0,0.01,241381,24,False,False,False,False,True,False,True,False,False,False
3.0,1.0,1252,2007,0.0,0.0,0.13,222497,18,False,False,False,False,False,False,True,False,False,False
3.0,3.0,1433,2001,1.0,0.0,0.26,249242,24,False,False,False,True,False,False,False,True,False,True
5.0,4.0,1311,2022,1.0,0.0,0.26,258789,3,False,False,False,False,True,False,False,True,True,False
2.0,1.0,708,1998,1.0,0.0,0.1,147287,27,False,False,True,False,False,False,False,True,False,True
1.0,1.0,1799,1987,1.0,0.0,0.06,312288,38,True,False,False,False,False,False,True,False,False,True
2.0,2.0,1071,1987,1.0,0.0,0.09,200333,38,False,False,False,True,False,False,False,True,False,True
1.0,1.0,1596,2021,0.0,0.0,0.22,300400,4,False,True,False,False,False,False,False,True,True,False
1.0,3.0,2330,2005,1.0,0.0,0.57,407918,20,False,False,False,False,True,False,False,False,False,True
4.0,2.0,1132,2005,0.0,0.0,0.41,216384,20,False,False,False,False,True,False,False,True,False,True
1.0,1.0,488,2002,1.0,0.0,0.28,119362,23,False,False,False,True,False,False,False,True,False,True
2.0,3.0,1386,2022,0.0,0.0,0.33,256433,3,False,False,False,True,False,False,True,False,True,False
4.0,2.0,1940,1992,0.0,0.0,0.4,337380,33,False,False,False,False,False,False,False,False,True,False
1.0,2.0,2283,2007,1.0,0.0,0.35,412467,18,False,False,True,False,False,False,False,False,True,False
4.0,2.0,1008,1988,1.0,0.0,0.2,194315,37,False,False,False,False,False,False,False,False,False,False
2.0,2.0,1699,1999,1.0,1.0,0.12,297172,26,False,False,False,False,False,True,False,False,False,True
2.0,1.0,1314,1998,0.0,1.0,0.23,279880,27,False,False,True,False,False,False,False,True,True,False
4.0,2.0,1458,2018,1.0,0.0,0.4,297745,7,False,True,False,False,False,False,False,True,True,False
3.0,2.0,2558,1991,0.0,0.0,0.21,425855,34,False,False,False,False,False,False,False,False,False,False
5.0,1.0,899,1994,0.0,0.0,0.08,178023,31,False,False,False,False,False,False,False,True,True,False
4.0,2.0,1601,2010,0.0,1.0,0.01,311584,15,False,False,False,False,True,False,False,False,True,False
4.0,2.0,1687,1993,1.0,0.0,0.23,291949,32,False,False,True,False,False,True,False,False,False,True
2.0,3.0,1934,1990,0.0,0.0,0.1,352185,35,True,False,False,False,False,False,False,False,True,False
2.0,1.0,1539,2005,1.0,1.0,0.18,294159,20,False,True,False,False,False,False,False,True,True,False
4.0,2.0,1623,2021,0.0,0.0,0.47,309304,4,False,True,False,False,False,False,False,False,False,False
4.0,2.0,1343,2006,1.0,0.0,0.24,247663,19,False,False,True,False,False,True,False,False,False,False
3.0,1.0,1608,1990,0.0,0.0,0.14,308047,35,False,False,False,True,False,False,True,False,False,False
3.0,1.0,1363,2017,0.0,0.0,0.3,250001,8,False,False,False,True,False,False,False,False,False,True
3.0,1.0,1749,2013,0.0,1.0,0.54,340993,12,False,False,False,False,True,True,False,False,True,False
4.0,2.0,1352,2022,1.0,1.0,0.23,253999,3,False,False,False,False,True,False,False,False,False,True
2.0,2.0,1651,1998,1.0,0.0,0.1,294336,27,False,False,True,False,False,False,True,False,True,False
5.0,3.0,1488,1985,1.0,0.0,0.35,257338,40,False,False,False,False,True,True,False,False,True,False
5.0,2.0,1950,2017,0.0,0.0,0.3,348866,8,False,True,False,False,False,True,False,False,False,True
3.0,1.0,1479,2021,0.0,0.0,0.26,266930,4,False,True,False,False,False,False,False,True,False,True
4.0,2.0,791,2007,1.0,0.0,0.22,157774,18,True,False,False,False,False,False,False,True,False,False
4.0,3.0,2005,1980,1.0,0.0,0.13,370132,45,False,False,False,True,False,False,False,False,True,False
2.0,1.0,1138,2014,0.0,0.0,0.48,230260,11,False,False,True,False,False,False,False,True,False,False
5.0,1.0,1238,2019,1.0,0.0,0.03,253524,6,False,False,False,False,False,False,True,False,False,False
3.0,1.0,1262,1987,1.0,0.0,0.2,218502,38,False,False,False,True,False,False,False,True,False,True
4.0,3.0,2050,1986,0.0,0.0,0.2,372364,39,False,False,False,False,False,True,False,False,True,False
2.0,2.0,646,1990,0.0,0.0,0.38,138940,35,True,False,False,False,False,False,False,True,False,True
5.0,2.0,2755,2018,1.0,0.0,0.44,481326,7,True,False,False,False,False,False,False,True,False,False
3.0,3.0,1922,1983,0.0,0.0,0.22,330527,42,False,False,False,False,True,False,False,False,False,True
1.0,3.0,1589,2004,0.0,0.0,0.28,296080,21,True,False,False,False,False,False,True,False,True,False
5.0,2.0,1478,1991,1.0,0.0,0.29,292700,34,True,False,False,False,False,False,False,False,True,False
1.0,3.0,1614,2005,1.0,0.0,0.41,301819,20,False,False,False,False,False,False,False,True,False,False
2.0,1.0,1708,2017,0.0,0.0,0.4,315618,8,False,False,False,False,True,False,True,False,False,False
3.0,1.0,1758,1991,1.0,0.0,0.17,302220,34,True,False,False,False,False,False,False,False,False,True
3.0,1.0,1722,2022,0.0,0.0,0.32,301176,3,False,False,False,True,False,False,False,True,False,True
3.0,1.0,1536,2016,0.0,1.0,0.31,268462,9,True,False,False,False,False,False,True,False,False,False
3.0,2.0,1421,2003,0.0,0.0,0.23,248349,22,False,False,False,False,True,False,True,False,False,True
3.0,4.0,1439,1995,1.0,0.0,0.31,267954,30,False,False,True,False,False,False,False,True,False,True
2.0,1.0,1422,1992,0.0,0.0,0.25,257542,33,False,False,False,False,True,False,False,True,False,True
2.0,1.0,1954,2004,0.0,0.0,0.27,329305,21,False,False,False,False,False,False,True,False,False,False
4.0,2.0,1737,1983,1.0,0.0,0.05,330173,42,False,False,True,False,False,True,False,False,True,False
4.0,4.0,324,1990,1.0,0.0,0.11,136531,35,False,False,False,True,False,False,False,True,True,False
4.0,2.0,1762,2011,0.0,0.0,0.37,297673,14,False,True,False,False,False,False,True,False,False,True
4.0,2.0,1578,1986,1.0,0.0,0.07,292041,39,False,False,False,False,True,False,False,True,True,False
1.0,1.0,1493,1990,0.0,0.0,0.32,260934,35,False,False,False,False,False,False,False,False,False,False
3.0,1.0,1345,2007,1.0,0.0,0.24,262401,18,False,False,False,True,False,False,False,False,True,False
1.0,2.0,1950,2020,1.0,1.0,0.4,351439,5,False,False,True,False,False,True,False,False,False,True
3.0,2.0,1879,2002,1.0,0.0,0.35,320477,23,False,False,False,True,False,False,False,True,False,True
3.0,1.0,1191,2002,0.0,1.0,0.18,238481,23,False,False,False,False,True,False,False,True,True,False
5.0,2.0,1663,2007,0.0,1.0,0.22,303922,18,True,False,False,False,False,False,True,False,False,False
3.0,2.0,1111,2022,0.0,0.0,0.05,220966,3,False,False,False,False,True,False,True,False,False,False
2.0,3.0,948,2005,0.0,0.0,0.23,198065,20,False,True,False,False,False,False,False,False,False,True
2.0,2.0,1249,2004,0.0,0.0,0.06,243205,21,False,False,False,False,True,False,False,True,True,False
4.0,2.0,1845,2008,1.0,1.0,0.22,339932,17,False,False,True,False,False,True,False,False,True,False
3.0,2.0,1881,1998,0.0,1.0,0.15,350913,27,False,False,True,False,False,False,False,False,True,False
2.0,2.0,1705,2012,0.0,0.0,0.12,307352,13,False,False,False,False,True,False,False,False,False,False
1.0,1.0,1790,2015,1.0,1.0,0.43,326772,10,False,False,True,False,False,True,False,False,False,False
4.0,1.0,1706,1993,1.0,0.0,0.06,319550,32,True,False,False,False,False,False,False,True,True,False
1.0,2.0,1243,1993,1.0,0.0,0.11,231419,32,False,False,False,True,False,False,True,False,False,False
4.0,3.0,1673,2014,0.0,1.0,0.15,310646,11,False,False,False,False,True,False,False,True,True,False
4.0,1.0,1820,2009,1.0,1.0,0.18,313007,16,True,False,False,False,False,False,False,True,False,False
1.0,2.0,1802,2007,1.0,0.0,0.12,328621,18,False,False,False,True,False,False,False,False,True,False
1.0,2.0,1976,1996,1.0,1.0,0.2,335175,29,False,False,False,True,False,False,False,False,False,False
3.0,1.0,1783,1982,1.0,0.0,0.3,317656,43,True,False,False,False,False,False,False,False,True,False
3.0,2.0,1641,1995,0.0,1.0,0.35,303145,30,False,False,False,False,False,True,False,False,False,False
3.0,2.0,1928,2009,0.0,1.0,0.34,323148,16,False,False,False,False,True,False,False,False,False,True
4.0,3.0,1489,2008,0.0,1.0,0.04,270252,17,False,False,False,True,False,False,False,True,False,True
5.0,1.0,1147,1994,0.0,0.0,0.31,211705,31,False,False,False,True,False,False,True,False,False,True
3.0,2.0,1435,2004,1.0,1.0,0.32,265864,21,False,False,True,False,False,False,False,False,False,True
4.0,3.0,1202,2017,0.0,0.0,0.15,219087,8,False,False,False,True,False,False,False,True,False,True
3.0,4.0,1230,2021,1.0,1.0,0.5,244154,4,True,False,False,False,False,False,False,False,False,True
1.0,2.0,1442,2017,1.0,0.0,0.41,274541,8,False,False,False,True,False,False,False,False,False,False
4.0,2.0,1183,2002,0.0,0.0,0.22,233065,23,False,False,False,False,False,False,True,False,True,False
3.0,2.0,1377,2004,0.0,0.0,0.16,258292,21,False,False,False,False,True,False,False,True,True,False
3.0,3.0,743,2021,1.0,0.0,0.5,174497,4,False,False,False,False,True,False,False,True,False,False
5.0,2.0,1585,1986,1.0,0.0,0.25,267043,39,False,False,False,True,False,False,False,True,False,True
2.0,1.0,1500,2001,1.0,0.0,0.26,292274,24,False,True,False,False,False,True,False,False,True,False
3.0,4.0,1173,1996,0.0,0.0,0.26,224547,29,False,True,False,False,False,False,False,False,False,False
1.0,2.0,1764,1997,0.0,0.0,0.6,311190,28,True,False,False,False,False,True,False,False,False,False
3.0,2.0,1875,2020,0.0,0.0,0.22,330351,5,False,True,False,False,False,False,False,True,False,False
1.0,1.0,857,1989,0.0,1.0,0.25,159650,36,True,False,False,False,False,True,False,False,False,False
2.0,2.0,1195,1989,1.0,0.0,0.13,251124,36,False,False,True,False,False,False,False,True,True,False
2.0,2.0,1192,1986,0.0,0.0,0.19,239587,39,True,False,False,False,False,False,False,True,True,False
3.0,2.0,1124,2017,1.0,1.0,0.1,219586,8,False,True,False,False,False,False,False,False,False,False
4.0,1.0,1832,2006,0.0,0.0,0.13,338788,19,False,False,False,True,False,False,True,False,True,False
3.0,2.0,1422,2012,1.0,1.0,0.02,274788,13,False,False,True,False,False,False,False,False,False,False
3.0,2.0,1394,1980,0.0,1.0,0.38,246470,45,False,True,False,False,False,False,False,True,False,True
3.0,1.0,698,2023,1.0,1.0,0.27,178418,2,True,False,False,False,False,False,False,True,False,False
2.0,2.0,1754,2013,1.0,0.0,0.29,306592,12,False,False,False,False,False,True,False,False,False,True
5.0,2.0,1004,1983,1.0,0.0,0.24,205961,42,False,False,False,False,True,False,False,True,False,True
2.0,3.0,1524,1996,1.0,0.0,0.26,283343,29,False,True,False,False,False,False,False,False,False,False
3.0,3.0,1611,1983,1.0,0.0,0.49,298016,42,True,False,False,False,False,False,False,False,False,False
1.0,2.0,2044,2022,1.0,0.0,0.13,361991,3,False,False,True,False,False,False,False,True,False,True
3.0,3.0,976,2005,1.0,0.0,0.29,212927,20,False,True,False,False,False,False,False,False,True,False
1.0,3.0,292,1983,0.0,0.0,0.29,87752,42,False,True,False,False,False,False,True,False,False,False
5.0,2.0,1574,1980,0.0,1.0,0.42,287032,45,False,False,False,False,True,False,False,False,True,False
3.0,2.0,2220,1986,0.0,0.0,0.32,371025,39,True,False,False,False,False,False,False,True,False,True
3.0,2.0,1996,2009,0.0,0.0,0.32,355564,16,False,False,False,False,False,False,False,True,False,False
1.0,3.0,1584,1988,1.0,0.0,0.06,292593,37,False,False,True,False,False,False,True,False,False,False
3.0,3.0,1303,2014,1.0,0.0,0.13,263463,11,True,False,False,False,False,True,False,False,True,False
3.0,3.0,1823,1987,0.0,0.0,0.07,295092,38,False,False,True,False,False,True,False,False,False,False
3.0,2.0,1111,2003,0.0,1.0,0.12,217318,22,False,True,False,False,False,False,True,False,False,False
3.0,3.0,1691,1998,1.0,0.0,0.31,310267,27,False,False,False,False,True,True,False,False,True,False
4.0,1.0,1702,2015,1.0,1.0,0.21,314467,10,False,False,False,False,True,False,False,False,True,False
3.0,2.0,1924,2022,0.0,0.0,0.31,342238,3,False,False,False,True,False,True,False,False,False,True
3.0,1.0,2604,2006,1.0,1.0,0.26,438747,19,False,False,False,False,False,True,False,False,True,False
3.0,2.0,1657,2011,0.0,1.0,0.29,311316,14,False,False,False,False,True,True,False,False,False,False
5.0,2.0,1296,1993,0.0,0.0,0.45,261492,32,False,True,False,False,False,False,False,False,True,False
1.0,2.0,1490,1997,1.0,1.0,0.25,273002,28,False,False,False,False,False,True,False,False,False,True
2.0,2.0,792,2007,0.0,1.0,0.35,166657,18,True,False,False,False,False,False,False,True,False,True
3.0,2.0,1222,2008,0.0,1.0,0.2,256776,17,False,False,False,False,True,False,False,False,True,False
5.0,2.0,1336,1995,0.0,0.0,0.37,231963,30,False,False,False,False,False,False,True,False,False,True
3.0,1.0,1290,2014,0.0,0.0,0.06,258108,11,False,True,False,False,False,False,False,False,True,False
3.0,2.0,1561,2010,0.0,0.0,0.03,272172,15,False,False,False,True,False,False,True,False,False,False
2.0,1.0,1171,1983,1.0,0.0,0.57,205276,42,False,False,True,False,False,False,False,False,False,True
2.0,1.0,1948,2016,1.0,0.0,0.53,358560,9,False,False,True,False,False,False,True,False,True,False
3.0,2.0,1500,1996,1.0,0.0,0.04,274133,29,False,True,False,False,False,False,False,True,False,False
3.0,2.0,1496,2018,0.0,1.0,0.24,262990,7,False,True,False,False,False,False,False,False,False,False
3.0,2.0,1369,2005,0.0,0.0,0.27,260703,20,False,False,True,False,False,False,False,False,False,True
1.0,2.0,1562,2018,1.0,0.0,0.36,283953,7,False,False,False,True,False,False,False,True,False,False
3.0,2.0,1830,2020,1.0,0.0,0.51,333807,5,False,False,False,False,False,False,False,False,False,False
3.0,3.0,1153,1983,1.0,0.0,0.09,230802,42,False,False,True,False,False,False,False,False,False,True
4.0,2.0,1237,2009,0.0,0.0,0.1,230026,16,False,True,False,False,False,False,False,True,False,True
3.0,2.0,1379,2009,1.0,1.0,0.25,288583,16,False,False,False,False,True,True,False,False,True,False
2.0,1.0,962,2001,0.0,0.0,0.11,191069,24,True,False,False,False,False,True,False,False,True,False
4.0,2.0,1172,1990,0.0,0.0,0.16,228210,35,False,False,False,True,False,False,False,True,False,True
4.0,2.0,1310,1981,1.0,0.0,0.22,229641,44,False,False,False,True,False,False,False,False,False,True
2.0,2.0,1850,2023,0.0,1.0,0.38,323589,2,False,False,False,False,True,False,False,False,False,True
5.0,2.0,1605,1991,0.0,0.0,0.25,264603,34,False,False,False,False,True,False,False,False,False,True
4.0,2.0,1577,2009,1.0,0.0,0.34,291234,16,False,True,False,False,False,False,False,True,False,False
5.0,2.0,1840,2015,0.0,0.0,0.32,330509,10,False,False,True,False,False,False,False,True,False,False
4.0,3.0,1445,1997,1.0,0.0,0.1,284018,28,False,False,False,False,False,False,False,False,True,False
3.0,3.0,1656,2005,0.0,0.0,0.26,280284,20,False,False,False,True,False,False,False,True,False,False
3.0,3.0,1459,1986,0.0,1.0,0.02,267000,39,False,False,False,True,False,True,False,False,False,True
5.0,2.0,1606,1980,0.0,0.0,0.17,286220,45,False,False,False,False,True,False,True,False,False,False
5.0,1.0,1267,2005,0.0,0.0,0.26,252398,20,False,False,True,False,False,False,False,True,True,False
1.0,1.0,524,2002,1.0,0.0,0.25,121473,23,False,False,False,True,False,True,False,False,False,False
1.0,1.0,1446,2005,1.0,1.0,0.06,245047,20,False,False,False,False,False,False,False,False,False,True
3.0,2.0,2069,1985,0.0,1.0,0.09,361615,40,False,False,False,False,True,False,False,True,False,True
4.0,3.0,1870,1985,0.0,0.0,0.29,331242,40,False,False,False,False,False,False,False,True,True,False
3.0,1.0,1886,2023,1.0,1.0,0.37,347502,2,False,False,True,False,False,False,False,False,False,False
2.0,4.0,1994,1987,1.0,0.0,0.22,340754,38,False,False,False,True,False,True,False,False,False,True
3.0,1.0,1535,2003,0.0,0.0,0.21,278395,22,True,False,False,False,False,False,False,False,False,False
3.0,4.0,1579,2001,0.0,1.0,0.39,291621,24,False,False,False,True,False,True,False,False,False,True
3.0,2.0,1253,1998,0.0,1.0,0.13,231180,27,False,False,True,False,False,False,False,True,True,False
4.0,1.0,1374,2016,0.0,1.0,0.51,272910,9,False,False,False,True,False,False,False,False,False,False
4.0,2.0,1746,1997,0.0,0.0,0.05,299679,28,False,False,False,True,False,False,True,False,False,True
3.0,1.0,1982,2010,1.0,1.0,0.41,372771,15,False,True,False,False,False,False,False,False,False,False
3.0,1.0,1444,2016,1.0,0.0,0.33,265405,9,False,False,False,True,False,False,False,False,False,False
2.0,2.0,1320,2009,0.0,0.0,0.61,233184,16,False,False,False,True,False,False,True,False,False,True
1.0,3.0,1500,2021,0.0,0.0,0.08,282917,4,False,False,False,False,False,False,False,False,True,False
5.0,2.0,1740,2012,1.0,1.0,0.1,325600,13,True,False,False,False,False,False,False,False,False,False
4.0,2.0,922,1989,1.0,0.0,0.44,183556,36,False,False,False,False,False,True,False,False,False,False
3.0,2.0,582,2016,1.0,0.0,0.03,146425,9,False,False,False,False,False,True,False,False,False,False
3.0,3.0,1280,1991,0.0,0.0,0.34,231529,34,False,False,False,False,True,False,True,False,False,False
3.0,1.0,1012,2009,0.0,0.0,0.43,209149,16,False,True,False,False,False,False,False,False,True,False
4.0,2.0,1297,2006,0.0,0.0,0.31,258316,19,False,False,False,False,False,False,False,True,False,True
5.0,1.0,1441,2018,0.0,1.0,0.28,285523,7,False,False,True,False,False,False,False,True,True,False
4.0,1.0,1319,1988,1.0,1.0,0.31,252025,37,False,False,True,False,False,False,False,False,False,True
2.0,2.0,2081,2000,0.0,0.0,0.38,352624,25,False,False,False,True,False,False,False,False,True,False
3.0,1.0,1631,1991,1.0,1.0,0.34,308593,34,False,False,False,False,True,False,True,False,False,True
2.0,2.0,1620,2008,1.0,1.0,0.07,312465,17,False,True,False,False,False,False,True,False,False,False
3.0,3.0,1749,2012,1.0,0.0,0.52,302806,13,False,True,False,False,False,True,False,False,False,True
3.0,1.0,1044,2022,0.0,1.0,0.26,233667,3,False,False,False,True,False,False,False,False,True,False
2.0,2.0,1916,1994,0.0,0.0,0.33,344698,31,False,False,True,False,False,False,False,True,True,False
4.0,1.0,1470,1981,0.0,0.0,0.36,272364,44,True,False,False,False,False,False,True,False,True,False
3.0,2.0,1768,2018,1.0,0.0,0.42,341910,7,False,False,False,False,True,False,False,False,True,False
3.0,2.0,1071,2023,0.0,1.0,0.41,212327,2,False,False,False,True,False,False,False,False,False,False
2.0,3.0,878,1997,0.0,0.0,0.27,164076,28,False,False,False,False,True,True,False,False,False,True
4.0,2.0,1827,1982,0.0,0.0,0.26,327726,43,False,False,True,False,False,False,False,True,True,False
3.0,1.0,1651,1986,0.0,0.0,0.31,305332,39,False,False,True,False,False,False,False,False,True,False
4.0,2.0,1139,2022,1.0,0.0,0.42,235113,3,True,False,False,False,False,False,True,False,False,False
3.0,2.0,1152,1997,1.0,1.0,0.08,237890,28,True,False,False,False,False,False,True,False,True,False
5.0,2.0,1950,2023,0.0,0.0,0.35,343802,2,False,True,False,False,False,False,False,False,True,False
3.0,3.0,1024,2017,1.0,0.0,0.12,242486,8,False,False,False,False,True,False,True,False,True,False
3.0,3.0,2157,2016,1.0,0.0,0.53,361084,9,False,False,False,False,True,False,False,False,False,True
5.0,1.0,1140,2012,1.0,0.0,0.31,224151,13,False,False,True,False,False,False,True,False,False,False
3.0,1.0,1755,2023,1.0,0.0,0.19,335847,2,False,True,False,False,False,True,False,False,True,False
2.0,2.0,1369,2010,1.0,0.0,0.31,269061,15,False,False,False,True,False,False,False,False,False,False
1.0,2.0,1741,1990,1.0,1.0,0.25,305678,35,False,False,False,False,True,False,False,True,False,True
4.0,3.0,1282,1983,0.0,0.0,0.23,225351,42,False,True,False,False,False,False,True,False,True,False
3.0,4.0,1435,1997,1.0,0.0,0.02,253947,28,False,True,False,False,False,False,True,False,False,True
4.0,2.0,1516,1983,1.0,0.0,0.1,277813,42,False,False,True,False,False,True,False,False,False,True
2.0,1.0,1099,2013,0.0,0.0,0.23,214025,12,False,True,False,False,False,True,False,False,False,True
2.0,3.0,1796,2008,0.0,0.0,0.0,322901,17,True,False,False,False,False,False,False,True,False,False
1.0,1.0,1295,2003,0.0,0.0,0.16,257167,22,True,False,False,False,False,False,False,False,True,False
3.0,3.0,1409,2001,1.0,1.0,0.18,277151,24,False,False,False,False,False,False,False,False,False,True
3.0,2.0,1102,1981,1.0,0.0,0.13,203941,44,False,False,True,False,False,False,False,False,False,False
3.0,2.0,475,2023,0.0,1.0,0.37,111071,2,False,False,False,True,False,True,False,False,False,True
3.0,1.0,1424,1985,1.0,0.0,0.12,259505,40,False,False,False,False,False,False,False,False,False,True
5.0,2.0,2465,2021,1.0,0.0,0.26,413665,4,True,False,False,False,False,False,False,False,False,False
2.0,2.0,1814,2004,1.0,0.0,0.2,310491,21,False,False,False,False,False,False,False,True,False,False
3.0,2.0,1492,2000,1.0,1.0,0.23,303240,25,False,False,True,False,False,False,False,False,True,False
4.0,1.0,1395,1995,1.0,0.0,0.49,260954,30,False,False,True,False,False,False,True,False,False,False
3.0,3.0,1509,2010,1.0,0.0,0.28,273835,15,False,True,False,False,False,False,False,True,False,True
3.0,3.0,1719,1993,0.0,0.0,0.31,297143,32,False,False,False,False,True,True,False,False,False,True
5.0,1.0,1028,2018,0.0,1.0,0.14,208939,7,False,True,False,False,False,False,False,False,False,False
5.0,1.0,1946,2007,1.0,0.0,0.34,355672,18,False,False,True,False,False,False,False,True,False,False
2.0,1.0,1786,2011,0.0,0.0,0.34,310154,14,True,False,False,False,False,False,False,True,True,False
5.0,2.0,1787,2007,1.0,1.0,0.32,311090,18,False,False,False,True,False,True,False,False,False,False
3.0,2.0,1675,1988,1.0,0.0,0.07,284686,37,True,False,False,False,False,True,False,False,False,True
2.0,2.0,1508,2001,0.0,1.0,0.16,291492,24,False,True,False,False,False,False,True,False,True,False
3.0,1.0,1769,2011,1.0,0.0,0.47,345803,14,False,False,False,True,False,False,False,True,True,False
3.0,2.0,1737,1984,1.0,1.0,0.15,323241,41,False,False,True,False,False,False,False,True,False,False
3.0,2.0,1358,2002,1.0,0.0,0.49,255224,23,True,False,False,False,False,False,False,False,False,True
2.0,2.0,1271,1984,0.0,0.0,0.17,241851,41,False,False,True,False,False,False,True,False,True,False
3.0,2.0,1541,2021,1.0,0.0,0.27,272225,4,False,False,False,True,False,False,False,False,False,False
2.0,1.0,2120,2011,1.0,1.0,0.22,392550,14,False,False,False,True,False,False,False,False,True,False
1.0,2.0,1004,1989,0.0,0.0,0.12,213860,36,True,False,False,False,False,True,False,False,False,False
2.0,2.0,913,2018,0.0,0.0,0.13,193349,7,False,False,True,False,False,False,False,True,True,False
2.0,2.0,1566,1994,1.0,1.0,0.14,285293,31,False,False,False,False,False,False,False,False,False,False
2.0,3.0,1520,1986,0.0,0.0,0.27,278048,39,False,False,True,False,False,False,False,True,True,False
2.0,2.0,1569,2008,1.0,1.0,0.38,300148,17,False,False,False,True,False,False,False,True,False,False
3.0,2.0,1598,1982,1.0,0.0,0.26,287417,43,False,False,True,False,False,False,False,True,False,False
2.0,1.0,1411,1998,0.0,1.0,0.24,272550,27,False,True,False,False,False,False,False,True,False,False
2.0,1.0,2096,1989,0.0,1.0,0.43,359065,36,False,False,False,False,False,True,False,False,False,True
5.0,3.0,860,2007,0.0,0.0,0.26,173190,18,False,False,False,False,True,False,True,False,False,False
3.0,2.0,1169,2008,0.0,0.0,0.17,234440,17,False,True,False,False,False,False,False,False,True,False
4.0,1.0,1459,1994,1.0,1.0,0.1,269453,31,False,False,False,False,True,False,False,False,False,False
2.0,1.0,843,2014,1.0,0.0,0.44,191858,11,True,False,False,False,False,False,False,False,False,True
2.0,1.0,1430,1985,0.0,0.0,0.2,274931,40,False,False,False,False,True,False,True,False,True,False
1.0,3.0,2165,1991,0.0,1.0,0.16,374153,34,False,False,True,False,False,False,True,False,True,False
2.0,1.0,1508,2017,0.0,0.0,0.15,262342,8,False,False,False,False,True,True,False,False,False,True
2.0,2.0,1592,1992,0.0,1.0,0.43,305053,33,False,False,False,True,False,False,False,True,True,False
2.0,1.0,996,2008,0.0,1.0,0.16,205033,17,False,True,False,False,False,False,False,True,False,False
1.0,2.0,1253,1998,0.0,1.0,0.4,242775,27,False,True,False,False,False,False,True,False,False,False
2.0,1.0,1350,1982,1.0,1.0,0.22,264179,43,False,False,False,False,True,True,False,False,True,False
3.0,2.0,1373,1987,0.0,1.0,0.07,260102,38,False,True,False,False,False,True,False,False,False,False
2.0,1.0,2013,1987,1.0,1.0,0.2,354864,38,False,False,False,True,False,False,False,True,False,False
3.0,3.0,1723,1999,1.0,0.0,0.25,324084,26,False,True,False,False,False,False,False,False,True,False
3.0,1.0,1055,1983,1.0,0.0,0.23,222780,42,False,False,False,False,True,False,False,True,True,False
4.0,2.0,1599,2000,0.0,1.0,0.23,303117,25,False,False,False,False,False,False,True,False,False,True
1.0,3.0,1699,1982,0.0,1.0,0.2,308303,43,False,False,False,False,False,False,False,True,True,False
4.0,2.0,1956,1987,0.0,0.0,0.13,335889,38,True,False,False,False,False,False,False,False,False,False
3.0,2.0,2132,2002,1.0,0.0,0.25,368210,23,False,True,False,False,False,False,False,True,True,False
1.0,2.0,1094,1995,0.0,0.0,0.33,226563,30,False,False,False,False,True,False,False,False,False,False
5.0,2.0,1176,1992,0.0,0.0,0.03,195245,33,False,True,False,False,False,True,False,False,False,True
5.0,2.0,997,1982,0.0,1.0,0.44,224979,43,False,False,True,False,False,False,True,False,True,False
1.0,2.0,1406,1988,0.0,0.0,0.3,264635,37,False,False,False,True,False,False,False,True,True,False
2.0,2.0,1687,1993,1.0,0.0,0.26,316034,32,False,True,False,False,False,False,False,False,True,False
4.0,2.0,1895,1992,0.0,0.0,0.32,321193,33,False,True,False,False,False,False,False,False,False,True
4.0,3.0,1470,1986,1.0,0.0,0.16,278211,39,False,False,False,False,False,False,False,False,True,False
2.0,2.0,1372,1994,1.0,1.0,0.07,262681,31,False,False,False,True,False,False,False,True,False,True
2.0,1.0,1561,1986,1.0,0.0,0.24,265184,39,False,False,False,False,True,False,False,True,False,False
3.0,2.0,1166,2017,0.0,0.0,0.28,226979,8,False,True,False,False,False,False,False,False,True,False
3.0,2.0,2336,2013,1.0,0.0,0.08,404749,12,False,False,False,False,False,False,False,False,True,False
3.0,1.0,857,2020,0.0,0.0,0.13,182224,5,True,False,False,False,False,False,True,False,False,False
3.0,2.0,1574,2001,1.0,0.0,0.39,296544,24,False,False,False,True,False,False,False,False,True,False
3.0,1.0,2309,2003,1.0,0.0,0.27,413331,22,False,False,False,False,False,False,False,False,True,False
4.0,2.0,1503,2016,1.0,0.0,0.02,275498,9,False,False,False,False,False,True,False,False,False,True
1.0,1.0,1424,2023,1.0,0.0,0.32,288986,2,False,False,False,False,False,True,False,False,True,False
2.0,2.0,1357,1980,1.0,0.0,0.11,237347,45,False,True,False,False,False,False,False,True,False,True
4.0,3.0,1428,1989,0.0,1.0,0.13,264782,36,False,True,False,False,False,False,False,True,False,False
5.0,2.0,2049,2022,1.0,1.0,0.28,380044,3,True,False,False,False,False,False,False,False,False,False
3.0,2.0,615,1995,1.0,1.0,0.27,167543,30,False,False,True,False,False,False,False,True,True,False
3.0,3.0,2113,1987,0.0,1.0,0.19,346754,38,False,False,True,False,False,False,False,False,False,True
2.0,4.0,930,2004,1.0,0.0,0.17,180289,21,False,False,True,False,False,False,False,False,False,False
3.0,1.0,1393,1991,0.0,0.0,0.21,251532,34,False,False,False,True,False,True,False,False,False,False
3.0,2.0,1328,2004,0.0,0.0,0.13,237852,21,False,False,False,True,False,False,False,True,False,True
2.0,1.0,1735,1996,1.0,1.0,0.41,325996,29,True,False,False,False,False,True,False,False,True,False
2.0,2.0,861,2005,1.0,0.0,0.01,198312,20,False,False,False,True,False,False,True,False,True,False
3.0,4.0,1685,1993,0.0,0.0,0.21,299444,32,False,False,True,False,False,True,False,False,False,False
1.0,2.0,2310,2020,0.0,0.0,0.03,399177,5,False,False,True,False,False,False,True,False,False,False
2.0,3.0,955,2015,0.0,0.0,0.39,208156,10,False,False,False,False,False,False,False,False,True,False
2.0,2.0,1576,2002,1.0,1.0,0.21,304742,23,False,False,False,True,False,False,False,True,False,False
2.0,2.0,1235,2022,0.0,0.0,0.09,214290,3,False,True,False,False,False,False,True,False,True,False
2.0,1.0,1670,1985,0.0,0.0,0.35,298834,40,False,True,False,False,False,False,False,True,True,False
5.0,3.0,1508,1984,1.0,0.0,0.09,259370,41,False,False,False,False,False,False,False,True,False,True
3.0,1.0,1243,2022,0.0,0.0,0.29,235803,3,False,False,False,False,False,False,True,False,False,True
4.0,3.0,1695,2004,0.0,1.0,0.42,312629,21,False,False,False,False,False,False,False,True,True,False
4.0,3.0,2222,1997,1.0,0.0,0.28,378659,28,False,True,False,False,False,True,False,False,False,True
3.0,3.0,1424,1992,0.0,1.0,0.17,267721,33,False,False,True,False,False,False,True,False,False,True
1.0,1.0,1788,2022,0.0,0.0,0.06,311770,3,False,False,False,False,False,False,False,False,False,False
3.0,2.0,983,1993,1.0,1.0,0.41,206878,32,True,False,False,False,False,False,False,True,False,False
3.0,1.0,1117,2007,1.0,1.0,0.39,241688,18,False,False,False,False,False,False,False,False,False,False
4.0,2.0,1689,1997,0.0,0.0,0.15,306266,28,False,False,False,False,True,False,True,False,False,False
3.0,1.0,2094,2007,0.0,0.0,0.16,344842,18,False,False,False,False,False,True,False,False,False,False
2.0,4.0,1642,2006,0.0,1.0,0.43,296783,19,False,True,False,False,False,False,False,True,False,False
2.0,2.0,1375,2011,0.0,0.0,0.33,257208,14,False,False,False,True,False,False,False,True,False,False
3.0,2.0,1500,1988,0.0,1.0,0.02,290328,37,False,False,False,False,False,False,False,False,True,False
3.0,2.0,1000,2019,0.0,1.0,0.22,203477,6,False,False,False,True,False,False,False,True,False,False
3.0,2.0,1742,2011,0.0,1.0,0.22,319302,14,False,False,False,False,True,False,False,False,True,False
3.0,2.0,1853,1999,1.0,0.0,0.29,338628,26,True,False,False,False,False,False,True,False,True,False
3.0,2.0,1319,2007,0.0,0.0,0.25,243581,18,False,False,False,True,False,False,False,True,True,False
3.0,4.0,1312,2012,0.0,0.0,0.17,255397,13,False,False,True,False,False,False,True,False,False,False
2.0,2.0,1606,1983,1.0,0.0,0.28,316387,42,False,False,False,False,False,True,False,False,True,False
2.0,2.0,1325,2013,0.0,1.0,0.18,257497,12,False,False,False,False,True,False,True,False,False,False
2.0,3.0,1474,1982,0.0,1.0,0.76,277376,43,False,False,False,False,True,False,False,False,True,False
2.0,1.0,2340,2005,0.0,0.0,0.27,406609,20,False,False,False,True,False,False,False,False,False,False
2.0,4.0,1401,1987,0.0,1.0,0.25,277469,38,True,False,False,False,False,False,False,True,True,False
2.0,1.0,1357,1985,1.0,0.0,0.53,242995,40,False,True,False,False,False,False,False,False,False,True
2.0,3.0,1241,1995,0.0,0.0,0.05,239872,30,False,False,False,False,False,False,False,True,True,False
2.0,2.0,1798,2003,0.0,0.0,0.23,309405,22,False,False,False,False,True,False,True,False,False,False
5.0,3.0,1428,2018,1.0,0.0,0.11,269647,7,True,False,False,False,False,False,False,True,False,False
1.0,3.0,1240,2009,1.0,0.0,0.35,240989,16,False,False,True,False,False,False,False,True,False,False
3.0,3.0,2029,1992,1.0,1.0,0.18,347149,33,False,False,False,False,True,False,False,True,False,True
3.0,3.0,2068,1984,0.0,0.0,0.34,351453,41,True,False,False,False,False,True,False,False,True,False
3.0,2.0,1260,2004,0.0,0.0,0.33,231740,21,False,True,False,False,False,False,False,False,True,False
2.0,1.0,753,1999,1.0,0.0,0.37,167115,26,False,True,False,False,False,False,False,True,False,False
3.0,2.0,1903,1997,1.0,1.0,0.33,351935,28,False,False,False,False,True,False,False,True,True,False
3.0,1.0,1226,1997,1.0,0.0,0.22,232664,28,False,False,False,False,True,False,False,True,False,False
5.0,2.0,1816,1981,0.0,0.0,0.04,328445,44,False,False,False,True,False,False,False,False,True,False
4.0,2.0,712,1989,0.0,0.0,0.4,150790,36,False,False,False,False,False,False,False,False,True,False
2.0,2.0,1857,1991,1.0,1.0,0.46,323247,34,True,False,False,False,False,False,False,True,False,False
2.0,2.0,1016,1992,1.0,0.0,0.11,198411,33,False,False,False,False,True,False,False,True,False,True
4.0,3.0,1792,1990,1.0,0.0,0.36,309713,35,False,False,False,False,False,False,False,False,True,False
5.0,1.0,1506,1998,0.0,0.0,0.07,278110,27,False,False,False,True,False,False,False,True,True,False
3.0,3.0,1118,2014,1.0,0.0,0.28,245364,11,False,False,False,False,False,True,False,False,False,False
3.0,4.0,1337,2018,1.0,1.0,0.31,247865,7,False,False,False,False,True,True,False,False,False,False
2.0,2.0,1775,2005,1.0,0.0,0.19,308153,20,False,True,False,False,False,True,False,False,False,True
4.0,2.0,1542,1993,0.0,1.0,0.26,255871,32,True,False,False,False,False,False,True,False,False,True
2.0,3.0,1734,2023,1.0,0.0,0.38,322563,2,True,False,False,False,False,False,False,True,True,False
2.0,1.0,2291,2003,0.0,1.0,0.23,416115,22,False,True,False,False,False,False,True,False,False,False
3.0,2.0,874,2020,1.0,0.0,0.15,184969,5,False,False,False,False,True,False,False,False,False,True
3.0,2.0,2147,1980,0.0,0.0,0.07,357112,45,True,False,False,False,False,False,True,False,False,False
2.0,1.0,1542,2022,0.0,0.0,0.19,297714,3,False,False,False,False,True,False,False,False,False,True
2.0,2.0,1140,2001,0.0,1.0,0.07,215976,24,False,False,False,True,False,False,False,False,True,False
3.0,1.0,968,2002,1.0,1.0,0.19,217339,23,False,False,False,False,True,False,False,False,True,False
2.0,1.0,1424,1998,1.0,0.0,0.18,264049,27,False,False,False,False,False,False,False,True,False,False
3.0,1.0,1869,1997,1.0,1.0,0.37,334480,28,False,True,False,False,False,False,True,False,False,False
2.0,2.0,1449,1991,1.0,0.0,0.26,273821,34,False,False,False,False,True,False,False,True,False,False
3.0,2.0,2104,2007,1.0,0.0,0.63,350380,18,False,False,False,True,False,False,False,True,False,True
3.0,2.0,920,2007,0.0,0.0,0.05,187726,18,False,False,True,False,False,False,True,False,False,False
1.0,2.0,1495,2012,1.0,0.0,0.3,278707,13,False,True,False,False,False,False,False,True,False,False
2.0,2.0,999,1998,0.0,1.0,0.18,187940,27,True,False,False,False,False,False,False,True,False,True
2.0,2.0,1645,2007,0.0,0.0,0.11,307850,18,False,False,False,False,False,False,False,False,False,True
1.0,2.0,1855,2016,1.0,0.0,0.25,339832,9,True,False,False,False,False,False,True,False,True,False
3.0,1.0,1332,2005,0.0,0.0,0.23,239613,20,False,False,False,True,False,False,False,True,False,True
2.0,2.0,458,2014,0.0,0.0,0.41,116423,11,False,False,False,True,False,True,False,False,True,False
4.0,1.0,1580,2013,1.0,0.0,0.26,298167,12,True,False,False,False,False,False,False,True,True,False
2.0,2.0,1675,2014,1.0,0.0,0.15,327598,11,False,True,False,False,False,True,False,False,False,False
4.0,2.0,1662,2019,1.0,0.0,0.3,300773,6,True,False,False,False,False,False,True,False,False,False
4.0,1.0,1994,1995,0.0,0.0,0.22,358487,30,False,False,False,False,True,False,False,True,True,False
3.0,1.0,1072,2017,1.0,0.0,0.08,233905,8,True,False,False,False,False,False,True,False,True,False
3.0,3.0,1772,1992,1.0,0.0,0.21,322586,33,False,False,False,False,False,False,False,True,True,False
3.0,2.0,1977,2002,0.0,0.0,0.28,333054,23,False,False,False,False,False,False,False,True,False,True
2.0,1.0,789,2001,1.0,0.0,0.26,173473,24,False,False,True,False,False,False,True,False,False,False
5.0,2.0,1628,1995,1.0,0.0,0.3,300987,30,False,False,False,False,False,False,False,True,True,False
4.0,1.0,1298,2007,1.0,0.0,0.17,237982,18,True,False,False,False,False,False,False,False,False,True
3.0,2.0,1467,2014,1.0,0.0,0.3,292449,11,False,False,False,False,False,False,False,True,True,False
2.0,2.0,1639,1987,0.0,0.0,0.27,282756,38,False,True,False,False,False,False,False,True,False,True
4.0,1.0,1305,2023,0.0,0.0,0.27,267682,2,False,False,False,False,False,False,False,False,True,False
5.0,1.0,1230,2001,1.0,0.0,0.25,233981,24,False,False,False,False,True,False,False,False,False,False
2.0,1.0,1514,2000,0.0,0.0,0.58,259128,25,False,True,False,False,False,False,False,True,False,False
1.0,2.0,1065,2005,1.0,1.0,0.42,178692,20,False,False,True,False,False,True,False,False,False,True
4.0,1.0,1066,2019,0.0,0.0,0.29,190519,6,False,False,False,False,True,False,False,True,False,False
3.0,2.0,1772,2000,0.0,0.0,0.13,289340,25,True,False,False,False,False,False,False,False,False,True
4.0,1.0,1040,2004,0.0,1.0,0.21,206665,21,True,False,False,False,False,False,False,True,False,True
2.0,2.0,1767,2020,0.0,0.0,0.49,299537,5,True,False,False,False,False,False,False,False,False,True
4.0,2.0,1685,1980,0.0,1.0,0.17,281209,45,False,False,False,False,True,True,False,False,False,False
2.0,3.0,810,1985,1.0,0.0,0.23,167391,40,False,False,False,False,True,False,True,False,False,False
2.0,2.0,1229,2002,0.0,0.0,0.22,214132,23,False,False,False,False,True,False,False,True,False,True
2.0,2.0,1978,2002,1.0,0.0,0.31,351931,23,False,True,False,False,False,False,False,True,False,False
4.0,2.0,1108,2022,0.0,0.0,0.18,220183,3,False,False,False,True,False,False,False,True,False,False
4.0,2.0,1314,2022,1.0,1.0,0.28,274141,3,False,True,False,False,False,True,False,False,True,False
3.0,2.0,1685,2002,1.0,0.0,0.19,287767,23,True,False,False,False,False,False,False,False,True,False
3.0,1.0,1813,2011,0.0,0.0,0.45,319804,14,False,False,False,True,False,False,False,False,False,False
5.0,3.0,1399,2009,1.0,1.0,0.15,267636,16,False,False,False,False,False,False,False,False,False,False
3.0,2.0,1261,1992,0.0,0.0,0.4,220534,33,True,False,False,False,False,False,True,False,False,False
4.0,1.0,2069,2022,0.0,0.0,0.16,338576,3,False,False,True,False,False,True,False,False,False,False
3.0,2.0,2196,1997,0.0,0.0,0.12,382913,28,False,True,False,False,False,True,False,False,True,False
3.0,2.0,1892,2002,0.0,0.0,0.14,340041,23,False,False,False,False,True,False,False,False,False,False
3.0,3.0,1534,1994,0.0,1.0,0.01,250282,31,False,True,False,False,False,False,False,False,False,True
2.0,3.0,1177,2012,1.0,0.0,0.32,220825,13,False,False,False,False,True,False,False,True,False,False
4.0,3.0,1168,2000,0.0,0.0,0.08,221715,25,False,False,False,True,False,False,False,False,False,False
3.0,1.0,1709,2018,0.0,0.0,0.2,311399,7,False,False,True,False,False,False,False,False,False,True
2.0,2.0,1667,2002,0.0,0.0,0.36,287526,23,False,False,False,True,False,False,False,True,False,True
5.0,2.0,2061,2006,0.0,0.0,0.36,369860,19,False,False,True,False,False,False,False,True,False,True
3.0,1.0,1760,2023,1.0,1.0,0.04,302847,2,False,True,False,False,False,True,False,False,False,True
3.0,1.0,899,1997,1.0,0.0,0.3,164281,28,False,False,False,False,True,True,False,False,False,False
5.0,3.0,1921,2003,1.0,0.0,0.42,344127,22,False,False,False,True,False,False,True,False,False,True
3.0,1.0,1101,2019,0.0,1.0,0.15,207654,6,False,False,True,False,False,False,True,False,True,False
2.0,2.0,1346,2021,0.0,1.0,0.33,272915,4,True,False,False,False,False,False,False,False,True,False
5.0,1.0,1600,1986,1.0,0.0,0.08,284455,39,True,False,False,False,False,False,False,True,False,False
3.0,1.0,2298,1999,1.0,0.0,0.31,385690,26,False,False,False,True,False,False,False,False,False,False
2.0,1.0,2744,2006,1.0,0.0,0.27,468733,19,False,False,False,False,True,False,False,False,True,False
2.0,2.0,1743,1985,0.0,0.0,0.35,290759,40,False,False,False,True,False,False,False,True,False,False
4.0,3.0,1427,2006,1.0,0.0,0.34,262267,19,False,True,False,False,False,False,True,False,False,False
3.0,2.0,1714,1988,0.0,0.0,0.05,300074,37,False,False,True,False,False,False,False,True,False,False
3.0,2.0,1855,2010,1.0,0.0,0.27,326288,15,False,True,False,False,False,False,False,True,False,False
5.0,1.0,1372,2000,1.0,0.0,0.47,245151,25,True,False,False,False,False,False,False,True,False,True
4.0,2.0,2218,2005,0.0,0.0,0.08,391441,20,False,False,True,False,False,False,False,True,True,False
2.0,2.0,1592,2019,1.0,1.0,0.4,311396,6,False,False,False,True,False,False,False,False,False,True
2.0,3.0,1699,1992,0.0,1.0,0.49,297788,33,False,True,False,False,False,False,False,False,False,True
2.0,1.0,1766,2002,1.0,0.0,0.03,323700,23,False,False,False,False,False,False,False,False,False,False
4.0,2.0,1669,1999,1.0,0.0,0.15,300688,26,False,False,False,False,True,True,False,False,True,False
1.0,1.0,1836,2016,0.0,1.0,0.33,317459,9,False,False,False,False,True,False,True,False,False,False
3.0,2.0,1253,2007,0.0,1.0,0.12,246083,18,False,False,False,False,False,False,True,False,False,False
4.0,3.0,1277,1996,0.0,0.0,0.45,228615,29,True,False,False,False,False,True,False,False,False,True
5.0,2.0,1060,2007,0.0,0.0,0.41,211895,18,False,False,True,False,False,False,False,False,False,True
2.0,2.0,1676,2020,0.0,0.0,0.04,323854,5,False,False,False,False,True,False,False,True,True,False
4.0,2.0,1812,1981,0.0,1.0,0.14,328591,44,False,False,False,False,False,False,False,False,False,False
2.0,2.0,1683,2004,1.0,0.0,0.37,321624,21,False,False,False,True,False,False,False,True,True,False
4.0,3.0,2170,2020,1.0,1.0,0.36,347446,5,False,False,False,False,False,False,False,False,False,True
2.0,3.0,1498,1985,0.0,0.0,0.58,271345,40,True,False,False,False,False,False,False,True,False,False
3.0,2.0,1767,1990,0.0,1.0,0.12,318879,35,True,False,False,False,False,False,False,False,False,True
4.0,3.0,1063,2017,0.0,0.0,0.47,205332,8,False,True,False,False,False,False,False,True,True,False
2.0,2.0,1345,1985,0.0,1.0,0.11,246038,40,False,False,False,False,True,False,False,True,False,True
2.0,2.0,1778,1990,1.0,0.0,0.33,304473,35,False,True,False,False,False,False,False,True,False,False
4.0,2.0,1840,1993,1.0,1.0,0.38,337075,32,False,False,False,False,False,False,False,True,False,True
4.0,1.0,1382,1981,0.0,0.0,0.2,234140,44,False,False,True,False,False,False,False,True,False,True
3.0,3.0,1471,2019,0.0,0.0,0.39,271721,6,False,False,True,False,False,False,True,False,True,False
4.0,1.0,893,1982,0.0,0.0,0.46,165909,43,True,False,False,False,False,True,False,False,False,True
3.0,4.0,1357,2014,0.0,0.0,0.41,274044,11,False,False,True,False,False,False,False,True,False,False
2.0,2.0,1856,2012,0.0,0.0,0.56,331047,13,False,False,True,False,False,False,True,False,False,True
2.0,2.0,1730,2003,1.0,0.0,0.39,336426,22,False,False,True,False,False,False,False,True,True,False
2.0,2.0,1700,1998,0.0,1.0,0.17,283669,27,False,False,False,False,False,False,False,True,False,True
5.0,3.0,1520,1997,0.0,0.0,0.44,259907,28,False,False,True,False,False,False,False,True,False,False
3.0,2.0,1503,2003,0.0,0.0,0.16,284636,22,False,False,False,True,False,False,False,False,False,False
3.0,2.0,1236,2014,0.0,0.0,0.26,225798,11,False,False,True,False,False,False,True,False,True,False
3.0,1.0,1780,1980,1.0,0.0,0.37,316483,45,False,False,True,False,False,False,False,False,True,False
5.0,2.0,1668,2015,1.0,0.0,0.32,323953,10,False,True,False,False,False,False,False,False,False,False
2.0,1.0,1697,2004,1.0,0.0,0.45,305915,21,False,False,False,False,False,False,False,False,True,False
3.0,3.0,1290,2022,1.0,1.0,0.62,236890,3,True,False,False,False,False,False,False,True,False,False
3.0,2.0,639,2013,0.0,0.0,0.08,144125,12,False,True,False,False,False,False,False,False,False,False
3.0,2.0,1939,2004,1.0,0.0,0.2,334053,21,False,False,False,False,True,False,False,False,True,False
1.0,1.0,1308,1995,0.0,1.0,0.3,269773,30,False,False,False,False,False,True,False,False,True,False
5.0,1.0,1155,2013,0.0,0.0,0.18,212101,12,False,False,False,True,False,False,True,False,False,False
5.0,3.0,1777,2008,1.0,0.0,0.24,302398,17,False,False,False,False,False,False,False,True,False,True
3.0,1.0,1343,1998,0.0,0.0,0.37,256544,27,False,False,False,False,True,False,False,True,True,False
4.0,1.0,1924,2002,1.0,1.0,0.35,342156,23,False,False,False,False,True,False,True,False,False,False
5.0,1.0,1747,1998,0.0,0.0,0.29,309373,27,False,False,False,False,True,False,False,True,False,False
4.0,2.0,1773,2004,1.0,0.0,0.27,317165,21,True,False,False,False,False,False,False,False,False,True
2.0,3.0,954,1995,1.0,0.0,0.22,190127,30,False,False,True,False,False,True,False,False,False,False
3.0,2.0,1985,1988,0.0,0.0,0.46,323936,37,False,False,False,False,False,False,True,False,False,True
3.0,1.0,1605,1980,1.0,0.0,0.5,304255,45,False,False,True,False,False,False,False,False,True,False
3.0,2.0,1352,2021,0.0,0.0,0.4,245266,4,False,False,True,False,False,False,False,True,False,False
4.0,3.0,1557,1998,1.0,0.0,0.08,269659,27,False,False,False,True,False,False,True,False,False,True
5.0,2.0,790,2012,1.0,1.0,0.21,174527,13,False,False,False,False,True,False,False,True,False,True
5.0,1.0,1663,2013,1.0,0.0,0.28,282963,12,True,False,False,False,False,False,True,False,False,False
3.0,1.0,1088,1995,0.0,0.0,0.11,221309,30,False,False,False,True,False,False,False,False,True,False
2.0,1.0,959,2023,0.0,0.0,0.26,195608,2,False,True,False,False,False,False,True,False,False,False
3.0,2.0,891,2019,1.0,0.0,0.25,208868,6,True,False,False,False,False,False,False,True,True,False
4.0,3.0,1945,1997,1.0,0.0,0.41,346346,28,False,False,True,False,False,True,False,False,True,False
2.0,1.0,1248,2013,0.0,0.0,0.18,258248,12,True,False,False,False,False,True,False,False,True,False
5.0,1.0,2113,2004,0.0,0.0,0.42,368246,21,False,False,False,False,True,False,False,False,False,False
5.0,1.0,1286,1985,1.0,0.0,0.11,249832,40,False,True,False,False,False,False,False,True,True,False
3.0,2.0,817,2000,1.0,0.0,0.13,185917,25,False,False,False,False,True,False,False,False,False,True
3.0,1.0,1053,1985,0.0,0.0,0.19,196102,40,False,True,False,False,False,True,False,False,False,True
3.0,3.0,1994,2011,1.0,0.0,0.26,346316,14,False,False,False,True,False,False,False,False,False,False
1.0,2.0,1438,2020,0.0,0.0,0.11,261138,5,False,False,True,False,False,False,False,False,False,True
2.0,2.0,1281,2022,1.0,0.0,0.32,236360,3,False,True,False,False,False,False,True,False,False,True
4.0,1.0,1564,2018,1.0,1.0,0.51,294136,7,False,True,False,False,False,False,False,True,False,True
1.0,1.0,1701,2010,1.0,0.0,0.35,330557,15,False,True,False,False,False,False,True,False,True,False
2.0,2.0,1947,2021,1.0,1.0,0.22,353370,4,True,False,False,False,False,False,False,False,False,False
3.0,3.0,2079,1989,1.0,1.0,0.09,377751,36,False,False,False,True,False,True,False,False,True,False
3.0,2.0,1356,2009,0.0,0.0,0.02,253378,16,True,False,False,False,False,False,True,False,False,True
5.0,2.0,970,1997,0.0,0.0,0.0,201972,28,False,False,True,False,False,False,False,False,False,False
2.0,1.0,1335,2003,1.0,0.0,0.23,241524,22,False,True,False,False,False,False,False,True,False,True
2.0,2.0,1604,1988,0.0,0.0,0.57,285123,37,False,False,False,True,False,False,False,False,False,False
4.0,3.0,1114,2010,0.0,0.0,0.16,232323,15,False,False,False,True,False,False,False,True,True,False
3.0,1.0,1117,1994,1.0,1.0,0.36,221850,31,False,False,False,False,False,True,False,False,False,True
2.0,2.0,1638,1983,0.0,0.0,0.15,268879,42,False,False,True,False,False,False,True,False,False,False
3.0,2.0,1481,2019,0.0,0.0,0.2,280977,6,False,False,False,True,False,False,False,True,False,False
2.0,2.0,1513,1988,1.0,0.0,0.11,289979,37,False,True,False,False,False,False,False,False,True,False
2.0,3.0,1197,1988,0.0,0.0,0.04,223289,37,False,True,False,False,False,False,True,False,False,True
3.0,3.0,1408,2005,0.0,1.0,0.27,252478,20,False,False,False,True,False,False,True,False,False,False
3.0,2.0,1130,1983,1.0,1.0,0.29,234824,42,True,False,False,False,False,False,False,False,True,False
5.0,1.0,1856,1996,1.0,0.0,0.35,331233,29,False,False,True,False,False,False,False,False,False,True
3.0,2.0,1914,1995,0.0,0.0,0.0,322494,30,False,True,False,False,False,False,False,True,False,False
3.0,4.0,762,1994,1.0,0.0,0.38,157095,31,False,False,False,True,False,False,False,False,False,False
3.0,1.0,1128,2014,1.0,1.0,0.38,237805,11,False,True,False,False,False,True,False,False,False,False
1.0,2.0,901,1984,1.0,0.0,0.31,175479,41,False,False,False,True,False,False,False,True,False,False
4.0,2.0,1240,1984,0.0,0.0,0.19,220915,41,False,False,True,False,False,False,False,False,False,True
2.0,2.0,1467,1999,1.0,1.0,0.3,276704,26,False,False,False,True,False,False,True,False,True,False
3.0,2.0,920,1994,1.0,0.0,0.23,205199,31,False,False,False,False,False,False,True,False,False,False
2.0,4.0,1131,1997,1.0,1.0,0.4,226456,28,False,False,False,True,False,False,False,False,False,True
3.0,1.0,1098,1981,1.0,0.0,0.2,218546,44,False,False,False,True,False,False,False,True,True,False
1.0,1.0,1583,2008,1.0,1.0,0.27,286826,17,False,False,True,False,False,False,False,False,False,True
3.0,1.0,1528,1992,1.0,0.0,0.01,260516,33,False,False,False,True,False,False,False,True,False,True
3.0,3.0,1211,1983,0.0,0.0,0.3,232349,42,False,False,True,False,False,False,False,True,True,False
3.0,2.0,1571,2021,1.0,0.0,0.14,291701,4,False,False,False,False,False,True,False,False,False,True
1.0,1.0,1281,1989,0.0,1.0,0.33,244052,36,False,False,True,False,False,False,False,True,True,False
4.0,3.0,1391,2010,1.0,0.0,0.37,271905,15,False,True,False,False,False,False,True,False,True,False
2.0,3.0,2169,2020,0.0,0.0,0.16,380876,5,False,False,True,False,False,False,True,False,True,False
5.0,3.0,2036,1987,1.0,0.0,0.25,361801,38,False,False,False,False,False,False,False,True,False,True
2.0,4.0,980,1982,0.0,0.0,0.28,177233,43,False,False,False,False,True,False,True,False,False,True
2.0,1.0,1832,1988,1.0,0.0,0.31,340372,37,False,False,False,True,False,False,False,False,True,False
1.0,3.0,1825,2009,1.0,1.0,0.37,341690,16,False,False,True,False,False,False,False,True,False,True
3.0,2.0,1041,1990,0.0,0.0,0.35,190579,35,False,False,False,True,False,False,True,False,False,True
3.0,3.0,1828,2014,0.0,0.0,0.19,316314,11,True,False,False,False,False,False,False,False,False,False
1.0,3.0,2115,2016,0.0,0.0,0.49,384877,9,False,True,False,False,False,True,False,False,True,False
4.0,3.0,1051,2021,1.0,0.0,0.36,194238,4,False,True,False,False,False,False,True,False,False,False
3.0,2.0,1133,1992,1.0,0.0,0.46,217856,33,True,False,False,False,False,False,False,False,False,True
3.0,1.0,1907,2015,1.0,0.0,0.3,333497,10,True,False,False,False,False,False,False,False,True,False
3.0,2.0,1609,1992,0.0,0.0,0.31,292174,33,False,False,True,False,False,False,False,True,False,True
3.0,2.0,1721,1991,1.0,0.0,0.23,304029,34,True,False,False,False,False,False,False,False,False,False
3.0,4.0,1636,2016,1.0,0.0,0.18,292892,9,False,False,False,False,True,False,False,False,False,True
2.0,1.0,1656,1989,1.0,0.0,0.4,284158,36,False,False,False,True,False,False,False,True,False,True
2.0,1.0,969,1988,1.0,0.0,0.29,187323,37,False,False,False,True,False,False,False,True,True,False
5.0,1.0,1919,1986,0.0,1.0,0.23,359909,39,False,False,False,False,False,False,True,False,True,False
5.0,3.0,1968,1981,0.0,1.0,0.1,336889,44,True,False,False,False,False,False,False,False,False,True
3.0,3.0,1408,2002,0.0,0.0,0.48,298888,23,True,False,False,False,False,False,False,True,True,False
2.0,1.0,1483,2018,0.0,0.0,0.27,258148,7,False,False,False,False,True,False,False,True,False,True
3.0,2.0,888,2019,0.0,1.0,0.07,177733,6,False,True,False,False,False,False,False,False,False,True
3.0,3.0,1706,2018,0.0,0.0,0.26,305728,7,False,True,False,False,False,True,False,False,True,False
1.0,3.0,1729,2000,0.0,0.0,0.22,297788,25,False,False,False,True,False,False,False,True,False,True
2.0,2.0,1475,2002,0.0,0.0,0.21,282602,23,False,False,False,True,False,False,False,True,False,False
4.0,2.0,1950,2008,1.0,0.0,0.34,364401,17,False,False,True,False,False,False,False,False,True,False
4.0,2.0,1366,1993,1.0,0.0,0.22,248654,32,False,False,False,False,True,False,True,False,True,False
1.0,1.0,1726,2005,1.0,1.0,0.2,339141,20,False,False,False,False,False,False,False,True,True,False
2.0,2.0,1092,1984,0.0,0.0,0.45,222628,41,False,False,False,False,False,False,False,True,True,False
2.0,2.0,1491,2010,1.0,0.0,0.01,275664,15,False,False,False,False,True,False,False,True,False,True
4.0,3.0,1430,2004,0.0,0.0,0.24,253658,21,False,False,False,False,False,False,False,True,False,False
1.0,2.0,1590,2010,1.0,0.0,0.39,284601,15,False,True,False,False,False,True,False,False,False,False
2.0,3.0,1352,1999,0.0,1.0,0.34,266171,26,False,False,False,False,False,False,False,False,True,False
4.0,1.0,1447,2023,0.0,0.0,0.4,271318,2,False,False,False,False,False,False,True,False,True,False
2.0,2.0,1830,1996,0.0,1.0,0.55,349026,29,False,False,False,False,True,False,False,True,True,False
4.0,1.0,1325,1981,0.0,0.0,0.5,244190,44,False,False,False,False,True,False,True,False,True,False
2.0,1.0,857,2004,0.0,0.0,0.08,155082,21,False,False,False,False,False,False,False,False,False,False
1.0,3.0,2200,1992,0.0,1.0,0.01,367585,33,True,False,False,False,False,False,False,True,False,False
2.0,2.0,2053,2018,1.0,0.0,0.3,344370,7,False,False,False,False,True,False,False,True,False,True
4.0,1.0,983,2007,1.0,0.0,0.05,196417,18,False,False,True,False,False,False,False,True,False,False
5.0,2.0,1776,2021,1.0,1.0,0.04,329961,4,False,False,True,False,False,False,False,True,False,False
4.0,3.0,1299,1985,0.0,0.0,0.3,247588,40,False,True,False,False,False,False,False,False,True,False
3.0,1.0,1605,1982,0.0,1.0,0.34,293959,43,False,False,False,False,False,True,False,False,False,False
4.0,2.0,1618,2014,0.0,0.0,0.51,283177,11,True,False,False,False,False,False,False,True,False,True
2.0,3.0,1406,1997,1.0,0.0,0.37,253331,28,False,True,False,False,False,False,False,True,False,True
2.0,2.0,1186,1990,1.0,0.0,0.54,253619,35,False,False,False,False,False,False,True,False,True,False
5.0,1.0,1224,1999,1.0,0.0,0.3,245654,26,False,False,False,False,True,False,False,False,False,False
1.0,2.0,1134,1984,0.0,0.0,0.08,216183,41,False,False,True,False,False,False,True,False,False,False
1.0,3.0,1167,1998,1.0,1.0,0.37,241017,27,False,False,False,True,False,True,False,False,False,False
2.0,2.0,1473,2001,0.0,1.0,0.45,264088,24,True,False,False,False,False,False,False,False,True,False
1.0,1.0,1214,1998,0.0,0.0,0.31,218675,27,False,False,False,True,False,False,True,False,False,False
2.0,3.0,1773,1995,1.0,0.0,0.47,310828,30,False,False,True,False,False,False,True,False,False,False
3.0,1.0,2095,2003,0.0,0.0,0.23,351942,22,False,False,False,True,False,False,False,False,False,False
3.0,3.0,1268,2020,0.0,0.0,0.33,218943,5,False,False,False,False,True,True,False,False,False,True
5.0,1.0,1596,1983,1.0,1.0,0.22,292405,42,False,False,False,False,False,False,False,True,False,True
4.0,2.0,1700,1994,1.0,0.0,0.61,317857,31,False,False,False,False,True,False,False,False,False,False
2.0,2.0,1689,2004,1.0,1.0,0.38,311222,21,False,False,False,True,False,False,False,False,False,False
2.0,2.0,1530,2023,0.0,0.0,0.08,295782,2,False,False,False,False,True,False,False,True,True,False
3.0,1.0,1797,2014,1.0,1.0,0.53,339125,11,False,False,True,False,False,False,False,False,True,False
3.0,2.0,1693,1993,1.0,0.0,0.14,293334,32,True,False,False,False,False,True,False,False,False,True
2.0,3.0,1005,1998,0.0,0.0,0.25,204742,27,False,False,False,False,True,False,False,True,False,False
3.0,2.0,1848,2017,1.0,0.0,0.32,326518,8,False,False,True,False,False,False,False,True,True,False
3.0,2.0,1855,2015,0.0,1.0,0.33,324816,10,True,False,False,False,False,False,False,False,True,False
3.0,2.0,1195,1986,1.0,0.0,0.32,222227,39,False,False,False,False,False,False,False,True,True,False
3.0,3.0,1515,2009,0.0,0.0,0.08,277786,16,False,False,False,True,False,False,False,False,False,True
2.0,3.0,1773,1998,0.0,0.0,0.32,306622,27,False,False,False,False,False,False,False,False,False,True
5.0,2.0,1416,2004,0.0,0.0,0.42,262165,21,False,True,False,False,False,False,False,True,False,False
4.0,2.0,1929,1995,1.0,0.0,0.41,350319,30,False,False,True,False,False,True,False,False,False,True
2.0,2.0,2446,2019,0.0,0.0,0.05,399267,6,True,False,False,False,False,False,False,False,False,True
5.0,2.0,1186,1987,1.0,0.0,0.15,237542,38,False,False,False,False,True,False,False,True,False,False
3.0,1.0,948,1997,1.0,0.0,0.09,197837,28,False,False,False,False,False,False,False,False,True,False
5.0,2.0,1622,2007,1.0,0.0,0.3,284416,18,True,False,False,False,False,False,True,False,False,True
4.0,2.0,1789,1995,0.0,0.0,0.02,323362,30,False,False,True,False,False,False,True,False,True,False
3.0,3.0,1408,1998,0.0,0.0,0.08,253377,27,False,True,False,False,False,False,False,False,False,True
1.0,1.0,2081,2021,0.0,0.0,0.15,359445,4,False,False,False,False,False,False,False,True,False,False
2.0,2.0,965,1996,1.0,0.0,0.02,210253,29,False,False,False,True,False,False,True,False,True,False
3.0,2.0,1777,1992,0.0,0.0,0.25,321002,33,True,False,False,False,False,True,False,False,True,False
3.0,2.0,1258,1986,1.0,1.0,0.07,236107,39,False,False,False,True,False,False,False,True,False,True
2.0,1.0,2188,2006,1.0,0.0,0.32,370437,19,True,False,False,False,False,False,False,False,False,True
2.0,2.0,2297,1989,1.0,0.0,0.19,394933,36,True,False,False,False,False,False,True,False,False,False
4.0,2.0,1193,2013,1.0,0.0,0.16,228183,12,False,False,True,False,False,False,False,False,True,False
3.0,2.0,1280,2015,1.0,0.0,0.18,229455,10,False,False,True,False,False,False,False,True,False,True
3.0,2.0,1844,2004,0.0,0.0,0.24,313925,21,False,False,True,False,False,False,False,False,False,True
2.0,2.0,1345,1985,1.0,0.0,0.34,264399,40,False,False,False,False,True,False,False,True,True,False
2.0,3.0,1482,2003,1.0,0.0,0.45,289529,22,True,False,False,False,False,False,False,True,False,True
1.0,1.0,1510,1997,0.0,1.0,0.4,271507,28,False,False,False,False,False,False,True,False,False,True
5.0,3.0,732,2002,1.0,0.0,0.58,152658,23,False,False,False,True,False,False,False,True,True,False
2.0,2.0,1494,1985,1.0,0.0,0.35,258398,40,False,False,True,False,False,False,False,True,False,True
3.0,1.0,1224,2008,1.0,0.0,0.27,236989,17,False,False,True,False,False,False,False,True,False,True
2.0,1.0,1303,2004,0.0,0.0,0.18,241747,21,False,False,False,True,False,False,False,True,True,False
3.0,2.0,2077,1996,1.0,0.0,0.19,347893,29,False,False,False,True,False,False,False,True,False,False
4.0,3.0,997,2003,0.0,1.0,0.33,218887,22,True,False,False,False,False,False,False,False,True,False
4.0,3.0,1825,1990,0.0,0.0,0.1,316599,35,False,False,True,False,False,False,False,True,False,True
2.0,3.0,1388,2005,0.0,0.0,0.28,234675,20,False,False,False,True,False,False,False,True,False,True
1.0,2.0,1388,2013,1.0,1.0,0.25,254050,12,False,False,False,False,True,False,False,True,False,True
2.0,2.0,1816,2007,1.0,0.0,0.14,346447,18,False,False,False,False,True,True,False,False,True,False
5.0,1.0,1636,1982,0.0,0.0,0.09,295528,43,False,False,True,False,False,False,False,True,False,False
5.0,2.0,1728,1990,1.0,0.0,0.63,290426,35,False,False,False,True,False,False,False,False,False,True
3.0,2.0,1887,2017,1.0,0.0,0.04,326761,8,True,False,False,False,False,False,True,False,True,False
3.0,1.0,1367,1993,0.0,0.0,0.24,251535,32,True,False,False,False,False,False,False,False,False,False
4.0,1.0,1255,2005,1.0,1.0,0.43,238489,20,True,False,False,False,False,False,False,False,False,True
2.0,2.0,1066,2000,0.0,1.0,0.33,208917,25,False,True,False,False,False,False,False,False,False,True
5.0,3.0,1170,2018,1.0,1.0,0.18,237647,7,False,False,True,False,False,False,False,True,False,True
3.0,2.0,2680,2009,1.0,1.0,0.07,461437,16,True,False,False,False,False,False,False,False,True,False
3.0,4.0,1998,1987,0.0,0.0,0.27,332979,38,False,False,False,False,True,False,False,True,False,True
3.0,2.0,960,1999,0.0,0.0,0.15,190009,26,False,False,False,True,False,True,False,False,True,False
1.0,2.0,971,2011,0.0,1.0,0.28,186418,14,False,False,False,False,False,False,False,False,False,True
2.0,2.0,1693,2001,0.0,0.0,0.26,304998,24,False,False,False,False,False,False,False,False,False,False
4.0,3.0,1719,1986,1.0,0.0,0.41,301691,39,True,False,False,False,False,False,False,False,False,True
1.0,1.0,1720,1988,1.0,0.0,0.08,300171,37,False,False,False,False,False,False,False,False,True,False
3.0,2.0,1398,1980,0.0,1.0,0.2,275151,45,False,False,False,False,False,True,False,False,True,False
2.0,3.0,1450,2008,0.0,0.0,0.32,255799,17,False,True,False,False,False,True,False,False,False,True
3.0,2.0,1631,1987,1.0,0.0,0.28,309962,38,False,False,False,False,True,True,False,False,True,False
2.0,2.0,1534,1983,1.0,0.0,0.05,261753,42,False,False,False,False,True,False,True,False,False,True
3.0,2.0,612,2014,0.0,0.0,0.15,130543,11,False,True,False,False,False,True,False,False,False,False
4.0,1.0,1408,1982,0.0,1.0,0.46,257317,43,False,True,False,False,False,True,False,False,False,True
2.0,2.0,1159,2019,1.0,0.0,0.29,226885,6,False,False,False,False,False,False,True,False,True,False
3.0,2.0,1570,1986,0.0,0.0,0.0,285151,39,False,False,True,False,False,False,False,True,True,False
3.0,1.0,2694,2006,0.0,0.0,0.38,448399,19,False,False,False,True,False,False,False,True,True,False
4.0,1.0,1647,1980,1.0,0.0,0.01,284336,45,False,False,False,True,False,False,False,False,False,True
5.0,3.0,1375,2006,1.0,0.0,0.2,267331,19,False,False,False,False,False,True,False,False,True,False
4.0,1.0,1869,1995,1.0,1.0,0.33,336703,30,False,False,False,True,False,False,False,False,False,False
2.0,2.0,1693,2017,1.0,0.0,0.43,313903,8,False,True,False,False,False,False,False,False,True,False
1.0,1.0,1668,1986,1.0,0.0,0.1,300934,39,False,False,False,False,True,False,False,False,False,False
2.0,4.0,1743,2023,0.0,0.0,0.36,312728,2,False,False,False,True,False,False,False,True,False,False
3.0,1.0,2323,2002,0.0,0.0,0.38,403156,23,False,False,False,False,False,False,True,False,True,False
1.0,2.0,1048,2020,0.0,1.0,0.17,202141,5,False,False,True,False,False,False,False,False,False,True
3.0,3.0,1689,1990,0.0,0.0,0.26,307232,35,False,False,False,False,False,False,False,False,False,False
3.0,3.0,1129,2021,1.0,1.0,0.21,244613,4,True,False,False,False,False,False,False,False,True,False
2.0,1.0,1722,2012,1.0,0.0,0.16,300539,13,False,False,False,False,False,False,False,True,False,False
4.0,3.0,1133,2015,0.0,0.0,0.42,234639,10,False,True,False,False,False,False,False,True,True,False
2.0,2.0,1333,2016,1.0,0.0,0.17,257105,9,False,False,False,False,True,False,False,False,False,True
1.0,2.0,1382,2020,0.0,0.0,0.2,250684,5,False,False,False,False,True,False,True,False,False,True
4.0,1.0,1890,1996,0.0,1.0,0.29,329749,29,False,False,False,True,False,False,False,False,False,True
3.0,1.0,1867,2014,1.0,0.0,0.2,307461,11,False,True,False,False,False,False,False,False,False,True
4.0,3.0,1002,1984,1.0,0.0,0.18,183866,41,True,False,False,False,False,False,False,False,False,True
3.0,2.0,1522,2011,1.0,0.0,0.31,299137,14,False,True,False,False,False,False,False,False,True,False
2.0,2.0,1216,1982,1.0,0.0,0.03,221174,43,False,False,False,False,False,False,False,True,False,False
4.0,3.0,997,2014,1.0,1.0,0.42,217952,11,False,True,False,False,False,False,False,True,True,False
4.0,3.0,1413,1993,1.0,0.0,0.22,252164,32,False,True,False,False,False,False,False,True,False,False
4.0,1.0,1377,2010,0.0,0.0,0.1,251058,15,True,False,False,False,False,False,False,False,False,True
2.0,2.0,2471,2010,1.0,0.0,0.08,426787,15,False,False,False,False,False,True,False,False,False,False
3.0,1.0,1673,1996,1.0,0.0,0.26,314555,29,False,False,True,False,False,False,True,False,True,False
3.0,3.0,949,2003,0.0,0.0,0.2,186756,22,False,False,True,False,False,False,False,True,True,False
1.0,2.0,1274,2002,1.0,0.0,0.02,237767,23,False,False,False,False,True,False,False,False,False,True
5.0,2.0,1909,1997,0.0,1.0,0.16,363716,28,False,False,False,True,False,False,False,True,True,False
2.0,1.0,2335,1993,0.0,1.0,0.13,403535,32,False,True,False,False,False,False,False,False,False,True
3.0,1.0,866,1994,0.0,0.0,0.44,169833,31,False,False,False,False,True,True,False,False,False,True
3.0,1.0,748,1994,1.0,0.0,0.27,151890,31,True,False,False,False,False,False,False,True,True,False
